2026-07-25 14:45:50,441 - __main__ - INFO - Kindroid client initialized
2026-07-25 14:45:50,651 - __main__ - INFO - Loaded cog: cogs.commands
2026-07-25 14:45:50,657 - __main__ - INFO - Loaded cog: cogs.homecare
2026-07-25 14:45:50,657 - __main__ - INFO - Loaded cog: cogs.messages
2026-07-25 14:45:50,662 - cogs.voice_conversation - INFO - VoiceConversationCog loaded -- STT engine: google
2026-07-25 14:45:50,662 - __main__ - INFO - Loaded cog: cogs.voice_conversation
2026-07-25 14:45:50,662 - __main__ - INFO - Starting Discord bot...
2026-07-25 14:45:50,662 - discord.client - INFO - logging in using static token
2026-07-25 14:45:51,717 - discord.gateway - INFO - Shard ID None has connected to Gateway (Session ID: d4c002e059df20622f6fd51cde55fffb).
2026-07-25 14:45:53,715 - __main__ - INFO - Bot logged in as Irene Gallagher#2633 (ID: 1529996285141319802)
2026-07-25 14:46:24,844 - cogs.commands - WARNING - Voice connect attempt 1 failed for guild 1529997509337026791: Already connected to a voice channel.
2026-07-25 14:46:24,844 - discord.voice_state - INFO - The voice handshake is being terminated for Channel ID 1530563400164446358 (Guild ID 1529997509337026791)
2026-07-25 14:46:24,844 - discord.voice_state - INFO - Connecting to voice...
2026-07-25 14:46:24,844 - discord.voice_state - INFO - Starting voice handshake... (connection attempt 1)
2026-07-25 14:46:25,177 - discord.voice_state - INFO - Voice handshake complete. Endpoint found: c-ord10-84990320.discord.media
2026-07-25 14:46:25,830 - discord.voice_state - ERROR - Failed to connect to voice... Retrying in 1.0s...
Traceback (most recent call last):
  File "C:\Users\Andre Norris\kindroid-discord-bot\.venv\Lib\site-packages\discord\voice_state.py", line 413, in _inner_connect
    await self._handshake_websocket()
  File "C:\Users\Andre Norris\kindroid-discord-bot\.venv\Lib\site-packages\discord\voice_state.py", line 583, in _handshake_websocket
    await self.ws.poll_event()
  File "C:\Users\Andre Norris\kindroid-discord-bot\.venv\Lib\site-packages\discord\gateway.py", line 1039, in poll_event
    raise ConnectionClosed(self.ws, shard_id=None, code=self._close_code)
discord.errors.ConnectionClosed: Shard ID None WebSocket closed with 4006
2026-07-25 14:46:25,834 - discord.voice_state - INFO - The voice handshake is being terminated for Channel ID 1530563400164446358 (Guild ID 1529997509337026791)
2026-07-25 14:46:26,837 - discord.voice_state - INFO - Starting voice handshake... (connection attempt 2)
2026-07-25 14:46:28,041 - discord.voice_state - INFO - Connecting to voice...
2026-07-25 14:46:28,041 - discord.voice_state - INFO - Starting voice handshake... (connection attempt 1)
2026-07-25 14:46:54,867 - discord.voice_state - INFO - Timed out connecting to voice
2026-07-25 14:46:54,867 - discord.voice_state - INFO - The voice handshake is being terminated for Channel ID 1530563400164446358 (Guild ID 1529997509337026791)
2026-07-25 14:46:54,868 - discord.voice_state - INFO - The voice handshake is being terminated for Channel ID 1530563400164446358 (Guild ID 1529997509337026791)
2026-07-25 14:46:58,054 - discord.voice_state - INFO - Timed out connecting to voice
2026-07-25 14:46:58,054 - discord.voice_state - INFO - The voice handshake is being terminated for Channel ID 1530563400164446358 (Guild ID 1529997509337026791)
2026-07-25 14:46:58,054 - discord.voice_state - INFO - The voice handshake is being terminated for Channel ID 1530563400164446358 (Guild ID 1529997509337026791)
2026-07-25 14:47:24,877 - cogs.commands - WARNING - Voice connect attempt 1 failed for guild 1529997509337026791: 
2026-07-25 14:47:26,887 - discord.voice_state - INFO - Connecting to voice...
2026-07-25 14:47:26,887 - discord.voice_state - INFO - Starting voice handshake... (connection attempt 1)
2026-07-25 14:47:27,410 - discord.voice_state - INFO - Voice handshake complete. Endpoint found: c-ord10-84990320.discord.media
2026-07-25 14:47:28,064 - cogs.commands - WARNING - Voice connect attempt 2 failed for guild 1529997509337026791: 
2026-07-25 14:47:28,885 - discord.voice_state - ERROR - Failed to connect to voice... Retrying in 1.0s...
Traceback (most recent call last):
  File "C:\Users\Andre Norris\kindroid-discord-bot\.venv\Lib\site-packages\discord\voice_state.py", line 413, in _inner_connect
    await self._handshake_websocket()
  File "C:\Users\Andre Norris\kindroid-discord-bot\.venv\Lib\site-packages\discord\voice_state.py", line 583, in _handshake_websocket
    await self.ws.poll_event()
  File "C:\Users\Andre Norris\kindroid-discord-bot\.venv\Lib\site-packages\discord\gateway.py", line 1039, in poll_event
    raise ConnectionClosed(self.ws, shard_id=None, code=self._close_code)
discord.errors.ConnectionClosed: Shard ID None WebSocket closed with 4006
2026-07-25 14:47:28,886 - discord.voice_state - INFO - The voice handshake is being terminated for Channel ID 1530563400164446358 (Guild ID 1529997509337026791)
2026-07-25 14:47:29,895 - discord.voice_state - INFO - Starting voice handshake... (connection attempt 2)
2026-07-25 14:47:30,077 - discord.voice_state - INFO - Connecting to voice...
2026-07-25 14:47:30,077 - discord.voice_state - INFO - Starting voice handshake... (connection attempt 1)
2026-07-25 14:47:30,410 - discord.voice_state - INFO - Voice handshake complete. Endpoint found: c-ord10-84990320.discord.media
2026-07-25 14:47:31,896 - discord.voice_state - ERROR - Failed to connect to voice... Retrying in 1.0s...
Traceback (most recent call last):
  File "C:\Users\Andre Norris\kindroid-discord-bot\.venv\Lib\site-packages\discord\voice_state.py", line 413, in _inner_connect
    await self._handshake_websocket()
  File "C:\Users\Andre Norris\kindroid-discord-bot\.venv\Lib\site-packages\discord\voice_state.py", line 583, in _handshake_websocket
    await self.ws.poll_event()
  File "C:\Users\Andre Norris\kindroid-discord-bot\.venv\Lib\site-packages\discord\gateway.py", line 1039, in poll_event
    raise ConnectionClosed(self.ws, shard_id=None, code=self._close_code)
discord.errors.ConnectionClosed: Shard ID None WebSocket closed with 4006
2026-07-25 14:47:31,897 - discord.voice_state - INFO - The voice handshake is being terminated for Channel ID 1530563400164446358 (Guild ID 1529997509337026791)
2026-07-25 14:47:32,907 - discord.voice_state - INFO - Starting voice handshake... (connection attempt 2)
2026-07-25 14:47:33,418 - discord.voice_state - INFO - Voice handshake complete. Endpoint found: c-ord10-84990320.discord.media
2026-07-25 14:47:34,900 - discord.voice_state - ERROR - Failed to connect to voice... Retrying in 3.0s...
Traceback (most recent call last):
  File "C:\Users\Andre Norris\kindroid-discord-bot\.venv\Lib\site-packages\discord\voice_state.py", line 413, in _inner_connect
    await self._handshake_websocket()
  File "C:\Users\Andre Norris\kindroid-discord-bot\.venv\Lib\site-packages\discord\voice_state.py", line 583, in _handshake_websocket
    await self.ws.poll_event()
  File "C:\Users\Andre Norris\kindroid-discord-bot\.venv\Lib\site-packages\discord\gateway.py", line 1039, in poll_event
    raise ConnectionClosed(self.ws, shard_id=None, code=self._close_code)
discord.errors.ConnectionClosed: Shard ID None WebSocket closed with 4006
2026-07-25 14:47:34,901 - discord.voice_state - INFO - The voice handshake is being terminated for Channel ID 1530563400164446358 (Guild ID 1529997509337026791)
2026-07-25 14:47:37,901 - discord.voice_state - INFO - Starting voice handshake... (connection attempt 3)
2026-07-25 14:47:38,419 - discord.voice_state - INFO - Voice handshake complete. Endpoint found: c-ord10-84990320.discord.media
2026-07-25 14:47:39,929 - discord.voice_state - ERROR - Failed to connect to voice... Retrying in 5.0s...
Traceback (most recent call last):
  File "C:\Users\Andre Norris\kindroid-discord-bot\.venv\Lib\site-packages\discord\voice_state.py", line 413, in _inner_connect
    await self._handshake_websocket()
  File "C:\Users\Andre Norris\kindroid-discord-bot\.venv\Lib\site-packages\discord\voice_state.py", line 583, in _handshake_websocket
    await self.ws.poll_event()
  File "C:\Users\Andre Norris\kindroid-discord-bot\.venv\Lib\site-packages\discord\gateway.py", line 1039, in poll_event
    raise ConnectionClosed(self.ws, shard_id=None, code=self._close_code)
discord.errors.ConnectionClosed: Shard ID None WebSocket closed with 4006
2026-07-25 14:47:39,929 - discord.voice_state - INFO - The voice handshake is being terminated for Channel ID 1530563400164446358 (Guild ID 1529997509337026791)
2026-07-25 14:47:44,932 - discord.voice_state - INFO - Starting voice handshake... (connection attempt 4)
2026-07-25 14:47:45,442 - discord.voice_state - INFO - Voice handshake complete. Endpoint found: c-ord10-84990320.discord.media
2026-07-25 14:47:46,952 - discord.voice_state - ERROR - Failed to connect to voice... Retrying in 7.0s...
Traceback (most recent call last):
  File "C:\Users\Andre Norris\kindroid-discord-bot\.venv\Lib\site-packages\discord\voice_state.py", line 413, in _inner_connect
    await self._handshake_websocket()
  File "C:\Users\Andre Norris\kindroid-discord-bot\.venv\Lib\site-packages\discord\voice_state.py", line 583, in _handshake_websocket
    await self.ws.poll_event()
  File "C:\Users\Andre Norris\kindroid-discord-bot\.venv\Lib\site-packages\discord\gateway.py", line 1039, in poll_event
    raise ConnectionClosed(self.ws, shard_id=None, code=self._close_code)
discord.errors.ConnectionClosed: Shard ID None WebSocket closed with 4006
2026-07-25 14:47:46,952 - discord.voice_state - INFO - The voice handshake is being terminated for Channel ID 1530563400164446358 (Guild ID 1529997509337026791)
2026-07-25 14:47:53,954 - discord.voice_state - INFO - Starting voice handshake... (connection attempt 5)
2026-07-25 14:47:54,486 - discord.voice_state - INFO - Voice handshake complete. Endpoint found: c-ord10-84990320.discord.media
2026-07-25 14:47:55,988 - discord.voice_state - ERROR - Failed to connect to voice... Retrying in 9.0s...
Traceback (most recent call last):
  File "C:\Users\Andre Norris\kindroid-discord-bot\.venv\Lib\site-packages\discord\voice_state.py", line 413, in _inner_connect
    await self._handshake_websocket()
  File "C:\Users\Andre Norris\kindroid-discord-bot\.venv\Lib\site-packages\discord\voice_state.py", line 583, in _handshake_websocket
    await self.ws.poll_event()
  File "C:\Users\Andre Norris\kindroid-discord-bot\.venv\Lib\site-packages\discord\gateway.py", line 1039, in poll_event
    raise ConnectionClosed(self.ws, shard_id=None, code=self._close_code)
discord.errors.ConnectionClosed: Shard ID None WebSocket closed with 4006
2026-07-25 14:47:55,988 - discord.voice_state - INFO - The voice handshake is being terminated for Channel ID 1530563400164446358 (Guild ID 1529997509337026791)
2026-07-25 14:47:56,896 - discord.voice_state - INFO - Timed out connecting to voice
2026-07-25 14:47:56,896 - discord.voice_state - INFO - The voice handshake is being terminated for Channel ID 1530563400164446358 (Guild ID 1529997509337026791)
2026-07-25 14:47:56,897 - discord.voice_state - INFO - The voice handshake is being terminated for Channel ID 1530563400164446358 (Guild ID 1529997509337026791)
2026-07-25 14:48:00,071 - discord.voice_state - INFO - Timed out connecting to voice
2026-07-25 14:48:00,071 - discord.voice_state - INFO - The voice handshake is being terminated for Channel ID 1530563400164446358 (Guild ID 1529997509337026791)
2026-07-25 14:48:00,072 - discord.voice_state - INFO - The voice handshake is being terminated for Channel ID 1530563400164446358 (Guild ID 1529997509337026791)
2026-07-25 14:48:26,902 - cogs.commands - WARNING - Voice connect attempt 2 failed for guild 1529997509337026791: 
2026-07-25 14:48:28,902 - discord.voice_state - INFO - Connecting to voice...
2026-07-25 14:48:28,902 - discord.voice_state - INFO - Starting voice handshake... (connection attempt 1)
2026-07-25 14:48:29,097 - discord.voice_state - INFO - Voice handshake complete. Endpoint found: c-ord10-84990320.discord.media
2026-07-25 14:48:29,316 - discord.voice_state - ERROR - Failed to connect to voice... Retrying in 1.0s...
Traceback (most recent call last):
  File "C:\Users\Andre Norris\kindroid-discord-bot\.venv\Lib\site-packages\discord\voice_state.py", line 413, in _inner_connect
    await self._handshake_websocket()
  File "C:\Users\Andre Norris\kindroid-discord-bot\.venv\Lib\site-packages\discord\voice_state.py", line 583, in _handshake_websocket
    await self.ws.poll_event()
  File "C:\Users\Andre Norris\kindroid-discord-bot\.venv\Lib\site-packages\discord\gateway.py", line 1039, in poll_event
    raise ConnectionClosed(self.ws, shard_id=None, code=self._close_code)
discord.errors.ConnectionClosed: Shard ID None WebSocket closed with 4006
2026-07-25 14:48:29,317 - discord.voice_state - INFO - The voice handshake is being terminated for Channel ID 1530563400164446358 (Guild ID 1529997509337026791)
2026-07-25 14:48:30,083 - cogs.commands - WARNING - Voice connect attempt 3 failed for guild 1529997509337026791: 
2026-07-25 14:48:30,324 - discord.voice_state - INFO - Starting voice handshake... (connection attempt 2)
2026-07-25 14:48:32,094 - cogs.commands - ERROR - Failed to join voice channel
Traceback (most recent call last):
  File "C:\Users\Andre Norris\kindroid-discord-bot\.venv\Lib\site-packages\discord\voice_state.py", line 413, in _inner_connect
    await self._handshake_websocket()
  File "C:\Users\Andre Norris\kindroid-discord-bot\.venv\Lib\site-packages\discord\voice_state.py", line 583, in _handshake_websocket
    await self.ws.poll_event()
  File "C:\Users\Andre Norris\kindroid-discord-bot\.venv\Lib\site-packages\discord\gateway.py", line 1039, in poll_event
    raise ConnectionClosed(self.ws, shard_id=None, code=self._close_code)
discord.errors.ConnectionClosed: Shard ID None WebSocket closed with 4006

During handling of the above exception, another exception occurred:

Traceback (most recent call last):
  File "C:\Users\Andre Norris\AppData\Local\Programs\Python\Python312\Lib\asyncio\tasks.py", line 520, in wait_for
    return await fut
           ^^^^^^^^^
  File "C:\Users\Andre Norris\kindroid-discord-bot\.venv\Lib\site-packages\discord\voice_state.py", line 420, in _inner_connect
    await asyncio.sleep(wait)
  File "C:\Users\Andre Norris\AppData\Local\Programs\Python\Python312\Lib\asyncio\tasks.py", line 665, in sleep
    return await future
           ^^^^^^^^^^^^
asyncio.exceptions.CancelledError

The above exception was the direct cause of the following exception:

Traceback (most recent call last):
  File "C:\Users\Andre Norris\kindroid-discord-bot\cogs\commands.py", line 154, in join
    await self._connect_voice_channel(ctx.guild, channel)
  File "C:\Users\Andre Norris\kindroid-discord-bot\cogs\commands.py", line 64, in _connect_voice_channel
    raise last_error or RuntimeError("Voice connection failed")
  File "C:\Users\Andre Norris\kindroid-discord-bot\cogs\commands.py", line 53, in _connect_voice_channel
    return await channel.connect(timeout=timeout, reconnect=True, cls=client_cls)
           ^^^^^^^^^^^^^^^^^^^^^^^^^^^^^^^^^^^^^^^^^^^^^^^^^^^^^^^^^^^^^^^^^^^^^^
  File "C:\Users\Andre Norris\kindroid-discord-bot\.venv\Lib\site-packages\discord\abc.py", line 1992, in connect
    await voice.connect(timeout=timeout, reconnect=reconnect, self_deaf=self_deaf, self_mute=self_mute)
  File "C:\Users\Andre Norris\kindroid-discord-bot\.venv\Lib\site-packages\discord\voice_client.py", line 306, in connect
    await self._connection.connect(
  File "C:\Users\Andre Norris\kindroid-discord-bot\.venv\Lib\site-packages\discord\voice_state.py", line 380, in connect
    await self._connector
  File "C:\Users\Andre Norris\kindroid-discord-bot\.venv\Lib\site-packages\discord\voice_state.py", line 384, in _wrap_connect
    await self._connect(*args)
  File "C:\Users\Andre Norris\kindroid-discord-bot\.venv\Lib\site-packages\discord\voice_state.py", line 429, in _connect
    await asyncio.wait_for(
  File "C:\Users\Andre Norris\AppData\Local\Programs\Python\Python312\Lib\asyncio\tasks.py", line 519, in wait_for
    async with timeouts.timeout(timeout):
               ^^^^^^^^^^^^^^^^^^^^^^^^^
  File "C:\Users\Andre Norris\AppData\Local\Programs\Python\Python312\Lib\asyncio\timeouts.py", line 115, in __aexit__
    raise TimeoutError from exc_val
TimeoutError
2026-07-25 14:48:32,988 - kindroid_client - WARNING - Ollama stderr: [?2026h[?25l[1G\u2819 [K[?25h[?2026l[?2026h[?25l[1G\u2839 [K[?25h[?2026l[?2026h[?25l[1G\u2839 [K[?25h[?2026l[?2026h[?25l[1G\u283c [K[?25h[?2026l[?2026h[?25l[1G\u283c [K[?25h[?2026l[?2026h[?25l[1G\u2826 [K[?25h[?2026l[?2026h[?25l[1G\u2826 [K[?25h[?2026l[?2026h[?25l[1G\u2827 [K[?25h[?2026l[?2026h[?25l[1G\u280f [K[?25h[?2026l[?2026h[?25l[1G\u280b [K[?25h[?2026l[?2026h[?25l[1G\u2819 [K[?25h[?2026l[?2026h[?25l[1G\u2839 [K[?25h[?2026l[?2026h[?25l[1G\u2839 [K[?25h[?2026l[?2026h[?25l[1G\u283c [K[?25h[?2026l[?2026h[?25l[1G\u283c [K[?25h[?2026l[?2026h[?25l[1G\u2834 [K[?25h[?2026l[?2026h[?25l[1G\u2827 [K[?25h[?2026l[?2026h[?25l[1G\u2807 [K[?25h[?2026l[?2026h[?25l[1G\u2807 [K[?25h[?2026l[?2026h[?25l[1G\u280f [K[?25h[?2026l[?2026h[?25l[1G\u280b [K[?25h[?2026l[?2026h[?25l[1G\u2819 [K[?25h[?2026l[?2026h[?25l[1G\u2839 [K[?25h[?2026l[?2026h[?25l[1G\u2838 [K[?25h[?2026l[?2026h[?25l[1G\u2834 [K[?25h[?2026l[?2026h[?25l[1G\u2834 [K[?25h[?2026l[?2026h[?25l[1G\u2826 [K[?25h[?2026l[?2026h[?25l[1G\u2807 [K[?25h[?2026l[?2026h[?25l[1G\u2807 [K[?25h[?2026l[?2026h[?25l[1G\u280f [K[?25h[?2026l[?2026h[?25l[1G\u280b [K[?25h[?2026l[?2026h[?25l[1G\u2819 [K[?25h[?2026l[?2026h[?25l[1G\u2839 [K[?25h[?2026l[?2026h[?25l[1G\u2838 [K[?25h[?2026l[?2026h[?25l[1G\u283c [K[?25h[?2026l[?2026h[?25l[1G\u2826 [K[?25h[?2026l[?2026h[?25l[1G\u2827 [K[?25h[?2026l[?2026h[?25l[1G\u2827 [K[?25h[?2026l[?2026h[?25l[1G\u2807 [K[?25h[?2026l[?2026h[?25l[1G\u280f [K[?25h[?2026l[?2026h[?25l[1G\u280b [K[?25h[?2026l[?2026h[?25l[1G\u2819 [K[?25h[?2026l[?2026h[?25l[1G\u2839 [K[?25h[?2026l[?2026h[?25l[1G\u2838 [K[?25h[?2026l[?2026h[?25l[1G\u2834 [K[?25h[?2026l[?2026h[?25l[1G\u2834 [K[?25h[?2026l[?2026h[?25l[1G\u2826 [K[?25h[?2026l[?2026h[?25l[1G\u2827 [K[?25h[?2026l[?2026h[?25l[1G\u280f [K[?25h[?2026l[?2026h[?25l[1G\u280b [K[?25h[?2026l[?2026h[?25l[1G\u2819 [K[?25h[?2026l[?2026h[?25l[1G\u2839 [K[?25h[?2026l[?2026h[?25l[1G\u2839 [K[?25h[?2026l[?2026h[?25l[1G\u283c [K[?25h[?2026l[?2026h[?25l[1G\u2834 [K[?25h[?2026l[?2026h[?25l[1G\u2826 [K[?25h[?2026l[?2026h[?25l[1G\u2826 [K[?25h[?2026l[?2026h[?25l[1G\u2807 [K[?25h[?2026l[?2026h[?25l[1G\u280f [K[?25h[?2026l[?2026h[?25l[1G\u280f [K[?25h[?2026l[?2026h[?25l[1G\u2819 [K[?25h[?2026l[?2026h[?25l[1G\u2839 [K[?25h[?2026l[?2026h[?25l[1G\u2839 [K[?25h[?2026l[?2026h[?25l[1G\u2838 [K[?25h[?2026l[?2026h[?25l[1G\u2834 [K[?25h[?2026l[?2026h[?25l[1G\u2834 [K[?25h[?2026l[?2026h[?25l[1G\u2827 [K[?25h[?2026l[?2026h[?25l[1G\u2827 [K[?25h[?2026l[?2026h[?25l[1G\u280f [K[?25h[?2026l[?2026h[?25l[1G\u280b [K[?25h[?2026l[?2026h[?25l[1G\u2819 [K[?25h[?2026l[?2026h[?25l[1G\u2839 [K[?25h[?2026l[?2026h[?25l[1G\u2838 [K[?25h[?2026l[?2026h[?25l[1G\u283c [K[?25h[?2026l[?2026h[?25l[1G\u283c [K[?25h[?2026l[?2026h[?25l[1G\u2826 [K[?25h[?2026l[?2026h[?25l[1G\u2827 [K[?25h[?2026l[?2026h[?25l[1G\u2807 [K[?25h[?2026l[?2026h[?25l[1G\u280f [K[?25h[?2026l[?2026h[?25l[1G\u280b [K[?25h[?2026l[?2026h[?25l[1G\u2819 [K[?25h[?2026l[?2026h[?25l[1G\u2839 [K[?25h[?2026l[?2026h[?25l[1G\u2838 [K[?25h[?2026l[?2026h[?25l[1G\u2838 [K[?25h[?2026l[?2026h[?25l[1G\u283c [K[?25h[?2026l[?2026h[?25l[1G\u2834 [K[?25h[?2026l[?2026h[?25l[1G\u2827 [K[?25h[?2026l[?2026h[?25l[1G\u2807 [K[?25h[?2026l[?2026h[?25l[1G\u280f [K[?25h[?2026l[?2026h[?25l[1G\u280b [K[?25h[?2026l[?2026h[?25l[1G\u2819 [K[?25h[?2026l[?2026h[?25l[1G\u2819 [K[?25h[?2026l[?2026h[?25l[1G\u2838 [K[?25h[?2026l[?2026h[?25l[1G\u283c [K[?25h[?2026l[?2026h[?25l[1G\u2834 [K[?25h[?2026l[?2026h[?25l[1G\u2826 [K[?25h[?2026l[?2026h[?25l[1G\u2827 [K[?25h[?2026l[?2026h[?25l[1G\u2807 [K[?25h[?2026l[?2026h[?25l[1G\u280f [K[?25h[?2026l[?2026h[?25l[1G\u280f [K[?25h[?2026l[?2026h[?25l[1G\u2819 [K[?25h[?2026l[?2026h[?25l[1G\u2839 [K[?25h[?2026l[?2026h[?25l[1G\u2838 [K[?25h[?2026l[?2026h[?25l[1G\u283c [K[?25h[?2026l[?2026h[?25l[1G\u2834 [K[?25h[?2026l[?2026h[?25l[1G\u2826 [K[?25h[?2026l[?2026h[?25l[1G\u2827 [K[?25h[?2026l[?2026h[?25l[1G\u2807 [K[?25h[?2026l[?2026h[?25l[1G\u280f [K[?25h[?2026l[?2026h[?25l[1G\u280f [K[?25h[?2026l[?2026h[?25l[1G\u2819 [K[?25h[?2026l[?2026h[?25l[1G\u2839 [K[?25h[?2026l[?2026h[?25l[1G\u2839 [K[?25h[?2026l[?2026h[?25l[1G\u2838 [K[?25h[?2026l[?2026h[?25l[1G\u283c [K[?25h[?2026l[?2026h[?25l[1G\u2826 [K[?25h[?2026l[?2026h[?25l[1G\u2827 [K[?25h[?2026l[?2026h[?25l[1G\u2807 [K[?25h[?2026l[?2026h[?25l[1G\u2807 [K[?25h[?2026l[?2026h[?25l[1G\u280b [K[?25h[?2026l[?2026h[?25l[1G\u2819 [K[?25h[?2026l[?2026h[?25l[1G\u2839 [K[?25h[?2026l[?2026h[?25l[1G\u2838 [K[?25h[?2026l[?2026h[?25l[1G\u283c [K[?25h[?2026l[?2026h[?25l[1G\u2834 [K[?25h[?2026l[?2026h[?25l[1G\u2834 [K[?25h[?2026l[?2026h[?25l[1G\u2826 [K[?25h[?2026l[?2026h[?25l[1G\u2807 [K[?25h[?2026l[?2026h[?25l[1G\u280f [K[?25h[?2026l[?2026h[?25l[1G\u280f [K[?25h[?2026l[?2026h[?25l[1G\u280b [K[?25h[?2026l[?2026h[?25l[1G\u2839 [K[?25h[?2026l[?2026h[?25l[1G\u2838 [K[?25h[?2026l[?2026h[?25l[1G\u2838 [K[?25h[?2026l[?2026h[?25l[1G\u2834 [K[?25h[?2026l[?2026h[?25l[1G\u2834 [K[?25h[?2026l[?2026h[?25l[1G\u2827 [K[?25h[?2026l[?2026h[?25l[1G\u2807 [K[?25h[?2026l[?2026h[?25l[1G\u280f [K[?25h[?2026l[?2026h[?25l[1G\u280b [K[?25h[?2026l[?2026h[?25l[1G\u280b [K[?25h[?2026l[?2026h[?25l[1G\u2839 [K[?25h[?2026l[?2026h[?25l[1G\u2838 [K[?25h[?2026l[?2026h[?25l[1G\u283c [K[?25h[?2026l[?2026h[?25l[1G\u283c [K[?25h[?2026l[?2026h[?25l[1G\u2826 [K[?25h[?2026l[?2026h[?25l[1G\u2826 [K[?25h[?2026l[?2026h[?25l[1G\u2807 [K[?25h[?2026l[?2026h[?25l[1G\u280f [K[?25h[?2026l[?2026h[?25l[1G\u280b [K[?25h[?2026l[?2026h[?25l[1G\u2819 [K[?25h[?2026l[?2026h[?25l[1G\u2819 [K[?25h[?2026l[?2026h[?25l[1G\u2838 [K[?25h[?2026l[?2026h[?25l[1G\u2838 [K[?25h[?2026l[?2026h[?25l[1G\u2834 [K[?25h[?2026l[?2026h[?25l[1G\u2826 [K[?25h[?2026l[?2026h[?25l[1G\u2827 [K[?25h[?2026l[?2026h[?25l[1G\u2827 [K[?25h[?2026l[?2026h[?25l[1G\u280f [K[?25h[?2026l[?2026h[?25l[1G\u280b [K[?25h[?2026l[?2026h[?25l[1G\u2819 [K[?25h[?2026l[?2026h[?25l[1G\u2819 [K[?25h[?2026l[?2026h[?25l[1G\u2838 [K[?25h[?2026l[?2026h[?25l[1G\u283c [K[?25h[?2026l[?2026h[?25l[1G\u283c [K[?25h[?2026l[?2026h[?25l[1G\u2834 [K[?25h[?2026l[?2026h[?25l[1G\u2827 [K[?25h[?2026l[?2026h[?25l[1G\u2807 [K[?25h[?2026l[?2026h[?25l[1G\u2807 [K[?25h[?2026l[?2026h[?25l[1G\u280b [K[?25h[?2026l[?2026h[?25l[1G\u280b [K[?25h[?2026l[?2026h[?25l[1G\u2839 [K[?25h[?2026l[?2026h[?25l[1G\u2838 [K[?25h[?2026l[?2026h[?25l[1G\u283c [K[?25h[?2026l[?2026h[?25l[1G\u283c [K[?25h[?2026l[?2026h[?25l[1G\u2826 [K[?25h[?2026l[?2026h[?25l[1G\u2827 [K[?25h[?2026l[?2026h[?25l[1G\u2807 [K[?25h[?2026l[?2026h[?25l[1G\u2807 [K[?25h[?2026l[?2026h[?25l[1G\u280b [K[?25h[?2026l[?2026h[?25l[1G\u280b [K[?25h[?2026l[?2026h[?25l[1G\u2839 [K[?25h[?2026l[?2026h[?25l[1G\u2838 [K[?25h[?2026l[?2026h[?25l[1G\u283c [K[?25h[?2026l[?2026h[?25l[1G\u283c [K[?25h[?2026l[?2026h[?25l[1G\u2826 [K[?25h[?2026l[?2026h[?25l[1G\u2827 [K[?25h[?2026l[?2026h[?25l[1G\u2807 [K[?25h[?2026l[?2026h[?25l[1G\u280f [K[?25h[?2026l[?2026h[?25l[1G\u280f [K[?25h[?2026l[?2026h[?25l[1G\u2819 [K[?25h[?2026l[?2026h[?25l[1G\u2819 [K[?25h[?2026l[?2026h[?25l[1G\u2838 [K[?25h[?2026l[?2026h[?25l[1G\u2838 [K[?25h[?2026l[?2026h[?25l[1G\u2834 [K[?25h[?2026l[?2026h[?25l[1G\u2826 [K[?25h[?2026l[?2026h[?25l[1G\u2827 [K[?25h[?2026l[?2026h[?25l[1G\u2827 [K[?25h[?2026l[?2026h[?25l[1G\u280f [K[?25h[?2026l[?2026h[?25l[1G\u280b [K[?25h[?2026l[?2026h[?25l[1G\u280b [K[?25h[?2026l[?2026h[?25l[1G\u2819 [K[?25h[?2026l[?2026h[?25l[1G\u2838 [K[?25h[?2026l[?2026h[?25l[1G\u283c [K[?25h[?2026l[?2026h[?25l[1G\u283c [K[?25h[?2026l[?2026h[?25l[1G\u2826 [K[?25h[?2026l[?2026h[?25l[1G\u2827 [K[?25h[?2026l[?2026h[?25l[1G\u2807 [K[?25h[?2026l[?2026h[?25l[1G\u2807 [K[?25h[?2026l[?2026h[?25l[1G\u280f [K[?25h[?2026l[?2026h[?25l[1G\u2819 [K[?25h[?2026l[?2026h[?25l[1G\u2839 [K[?25h[?2026l[?2026h[?25l[1G\u2839 [K[?25h[?2026l[?2026h[?25l[1G\u2838 [K[?25h[?2026l[?2026h[?25l[1G\u283c [K[?25h[?2026l[?2026h[?25l[1G\u2826 [K[?25h[?2026l[?2026h[?25l[1G\u2826 [K[?25h[?2026l[?2026h[?25l[1G\u2807 [K[?25h[?2026l[?2026h[?25l[1G\u280f [K[?25h[?2026l[?2026h[?25l[1G\u280f [K[?25h[?2026l[?2026h[?25l[1G\u280b [K[?25h[?2026l[?2026h[?25l[1G\u2819 [K[?25h[?2026l[?2026h[?25l[1G\u2839 [K[?25h[?2026l[?2026h[?25l[1G\u2838 [K[?25h[?2026l[?2026h[?25l[1G\u2834 [K[?25h[?2026l[?2026h[?25l[1G\u2826 [K[?25h[?2026l[?2026h[?25l[1G\u2826 [K[?25h[?2026l[?2026h[?25l[1G\u2807 [K[?25h[?2026l[?2026h[?25l[1G\u280f [K[?25h[?2026l[?2026h[?25l[1G\u280f [K[?25h[?2026l[?2026h[?25l[1G\u280b [K[?25h[?2026l[?2026h[?25l[1G\u2839 [K[?25h[?2026l[?2026h[?25l[1G\u2839 [K[?25h[?2026l[?2026h[?25l[1G\u2838 [K[?25h[?2026l[?2026h[?25l[1G\u283c [K[?25h[?2026l[?2026h[?25l[1G\u2834 [K[?25h[?2026l[?2026h[?25l[1G\u2826 [K[?25h[?2026l[?2026h[?25l[1G\u2827 [K[?25h[?2026l[?2026h[?25l[1G\u280f [K[?25h[?2026l[?2026h[?25l[1G\u280b [K[?25h[?2026l[?2026h[?25l[1G\u2819 [K[?25h[?2026l[?2026h[?25l[1G\u2819 [K[?25h[?2026l[?2026h[?25l[1G\u2839 [K[?25h[?2026l[?2026h[?25l[1G\u2838 [K[?25h[?2026l[?2026h[?25l[1G\u283c [K[?25h[?2026l[?2026h[?25l[1G\u2826 [K[?25h[?2026l[?2026h[?25l[1G\u2827 [K[?25h[?2026l[?2026h[?25l[1G\u2827 [K[?25h[?2026l[?2026h[?25l[1G\u280f [K[?25h[?2026l[?2026h[?25l[1G\u280b [K[?25h[?2026l[?2026h[?25l[1G\u2819 [K[?25h[?2026l[?2026h[?25l[1G\u2839 [K[?25h[?2026l[?2026h[?25l[1G\u2839 [K[?25h[?2026l[?2026h[?25l[1G\u283c [K[?25h[?2026l[?2026h[?25l[1G\u283c [K[?25h[?2026l[?2026h[?25l[1G\u2834 [K[?25h[?2026l[?2026h[?25l[1G\u2827 [K[?25h[?2026l[?2026h[?25l[1G\u2827 [K[?25h[?2026l[?2026h[?25l[1G\u2807 [K[?25h[?2026l[?2026h[?25l[1G\u280f [K[?25h[?2026l[?2026h[?25l[1G\u2819 [K[?25h[?2026l[?2026h[?25l[1G\u2819 [K[?25h[?2026l[?2026h[?25l[1G\u2838 [K[?25h[?2026l[?2026h[?25l[1G\u283c [K[?25h[?2026l[?2026h[?25l[1G\u2834 [K[?25h[?2026l[?2026h[?25l[1G\u2826 [K[?25h[?2026l[?2026h[?25l[1G\u2826 [K[?25h[?2026l[?2026h[?25l[1G\u2807 [K[?25h[?2026l[?2026h[?25l[1G\u2807 [K[?25h[?2026l[?2026h[?25l[1G\u280f [K[?25h[?2026l[?2026h[?25l[1G\u2819 [K[?25h[?2026l[?2026h[?25l[1G\u2819 [K[?25h[?2026l[?2026h[?25l[1G\u2838 [K[?25h[?2026l[?2026h[?25l[1G\u283c [K[?25h[?2026l[?2026h[?25l[1G\u283c [K[?25h[?2026l[?2026h[?25l[1G\u2834 [K[?25h[?2026l[?2026h[?25l[1G\u2826 [K[?25h[?2026l[?2026h[?25l[1G\u2807 [K[?25h[?2026l[?2026h[?25l[1G\u280f [K[?25h[?2026l[?2026h[?25l[1G\u280f [K[?25h[?2026l[?2026h[?25l[1G\u280b [K[?25h[?2026l[?2026h[?25l[1G\u2839 [K[?25h[?2026l[?2026h[?25l[1G\u2838 [K[?25h[?2026l[?2026h[?25l[1G\u2838 [K[?25h[?2026l[?2026h[?25l[1G\u2834 [K[?25h[?2026l[?2026h[?25l[1G\u2826 [K[?25h[?2026l[?2026h[?25l[1G\u2826 [K[?25h[?2026l[?2026h[?25l[1G\u2827 [K[?25h[?2026l[?2026h[?25l[1G\u280f [K[?25h[?2026l[?2026h[?25l[1G\u280f [K[?25h[?2026l[?2026h[?25l[1G\u2819 [K[?25h[?2026l[?2026h[?25l[1G\u2839 [K[?25h[?2026l[?2026h[?25l[1G\u2838 [K[?25h[?2026l[?2026h[?25l[1G\u283c [K[?25h[?2026l[?2026h[?25l[1G\u283c [K[?25h[?2026l[?2026h[?25l[1G\u2826 [K[?25h[?2026l[?2026h[?25l[1G\u2826 [K[?25h[?2026l[?2026h[?25l[1G\u2807 [K[?25h[?2026l[?2026h[?25l[1G\u2807 [K[?25h[?2026l[?2026h[?25l[1G\u280f [K[?25h[?2026l[?2026h[?25l[1G\u2819 [K[?25h[?2026l[?2026h[?25l[1G\u2839 [K[?25h[?2026l[?2026h[?25l[1G\u2839 [K[?25h[?2026l[?2026h[?25l[1G\u283c [K[?25h[?2026l[?2026h[?25l[1G\u283c [K[?25h[?2026l[?2026h[?25l[1G\u2826 [K[?25h[?2026l[?2026h[?25l[1G\u2826 [K[?25h[?2026l[?2026h[?25l[1G\u2807 [K[?25h[?2026l[?2026h[?25l[1G\u2807 [K[?25h[?2026l[?2026h[?25l[1G\u280b [K[?25h[?2026l[?2026h[?25l[1G\u280b [K[?25h[?2026l[?2026h[?25l[1G\u2839 [K[?25h[?2026l[?2026h[?25l[1G\u2839 [K[?25h[?2026l[?2026h[?25l[1G\u283c [K[?25h[?2026l[?2026h[?25l[1G\u283c [K[?25h[?2026l[?2026h[?25l[1G\u2826 [K[?25h[?2026l[?2026h[?25l[1G\u2827 [K[?25h[?2026l[?2026h[?25l[1G\u2807 [K[?25h[?2026l[?2026h[?25l[1G\u2807 [K[?25h[?2026l[?2026h[?25l[1G\u280b [K[?25h[?2026l[?2026h[?25l[1G\u2819 [K[?25h[?2026l[?2026h[?25l[1G\u2819 [K[?25h[?2026l[?2026h[?25l[1G\u2839 [K[?25h[?2026l[?2026h[?25l[1G\u283c [K[?25h[?2026l[?2026h[?25l[1G\u283c [K[?25h[?2026l[?2026h[?25l[1G\u2834 [K[?25h[?2026l[?2026h[?25l[1G\u2826 [K[?25h[?2026l[?2026h[?25l[1G\u2807 [K[?25h[?2026l[?2026h[?25l[1G\u280f [K[?25h[?2026l[?2026h[?25l[1G\u280f [K[?25h[?2026l[?2026h[?25l[1G\u2819 [K[?25h[?2026l[?2026h[?25l[1G\u2819 [K[?25h[?2026l[?2026h[?25l[1G\u2839 [K[?25h[?2026l[?2026h[?25l[1G\u2838 [K[?25h[?2026l[?2026h[?25l[1G\u2834 [K[?25h[?2026l[?2026h[?25l[1G\u2834 [K[?25h[?2026l[?2026h[?25l[1G\u2826 [K[?25h[?2026l[?2026h[?25l[1G\u2807 [K[?25h[?2026l[?2026h[?25l[1G\u2807 [K[?25h[?2026l[?2026h[?25l[1G\u280f [K[?25h[?2026l[?2026h[?25l[1G\u2819 [K[?25h[?2026l[?2026h[?25l[1G\u2819 [K[?25h[?2026l[?2026h[?25l[1G\u2839 [K[?25h[?2026l[?2026h[?25l[1G\u283c [K[?25h[?2026l[?2026h[?25l[1G\u283c [K[?25h[?2026l[?2026h[?25l[1G\u2834 [K[?25h[?2026l[?2026h[?25l[1G\u2826 [K[?25h[?2026l[?2026h[?25l[1G\u2827 [K[?25h[?2026l[?2026h[?25l[1G\u2807 [K[?25h[?2026l[?2026h[?25l[1G\u280f [K[?25h[?2026l[?2026h[?25l[1G\u280b [K[?25h[?2026l[?2026h[?25l[1G\u2819 [K[?25h[?2026l[?2026h[?25l[1G\u2838 [K[?25h[?2026l[?2026h[?25l[1G\u2838 [K[?25h[?2026l[?2026h[?25l[1G\u283c [K[?25h[?2026l[?2026h[?25l[1G\u2834 [K[?25h[?2026l[?2026h[?25l[1G\u2826 [K[?25h[?2026l[?2026h[?25l[1G\u2827 [K[?25h[?2026l[?2026h[?25l[1G\u280f [K[?25h[?2026l[?2026h[?25l[1G\u280f [K[?25h[?2026l[?2026h[?25l[1G\u2819 [K[?25h[?2026l[?2026h[?25l[1G\u2839 [K[?25h[?2026l[?2026h[?25l[1G\u2839 [K[?25h[?2026l[?2026h[?25l[1G\u2838 [K[?25h[?2026l[?2026h[?25l[1G\u2834 [K[?25h[?2026l[?2026h[?25l[1G\u2826 [K[?25h[?2026l[?2026h[?25l[1G\u2826 [K[?25h[?2026l[?2026h[?25l[1G\u2807 [K[?25h[?2026l[?2026h[?25l[1G\u280f [K[?25h[?2026l[?2026h[?25l[1G\u280f [K[?25h[?2026l[?2026h[?25l[1G\u2819 [K[?25h[?2026l[?2026h[?25l[1G\u2839 [K[?25h[?2026l[?2026h[?25l[1G\u2839 [K[?25h[?2026l[?2026h[?25l[1G\u283c [K[?25h[?2026l[?2026h[?25l[1G\u283c [K[?25h[?2026l[?2026h[?25l[1G\u2826 [K[?25h[?2026l[?2026h[?25l[1G\u2826 [K[?25h[?2026l[?2026h[?25l[1G\u2827 [K[?25h[?2026l[?2026h[?25l[1G\u280f [K[?25h[?2026l[?2026h[?25l[1G\u280b [K[?25h[?2026l[?2026h[?25l[1G\u280b [K[?25h[?2026l[?2026h[?25l[1G\u2819 [K[?25h[?2026l[?2026h[?25l[1G\u2839 [K[?25h[?2026l[?2026h[?25l[1G\u283c [K[?25h[?2026l[?2026h[?25l[1G\u2834 [K[?25h[?2026l[?2026h[?25l[1G\u2834 [K[?25h[?2026l[?2026h[?25l[1G\u2827 [K[?25h[?2026l[?2026h[?25l[1G\u2807 [K[?25h[?2026l[?2026h[?25l[1G\u2807 [K[?25h[?2026l[?2026h[?25l[1G\u280f [K[?25h[?2026l[?2026h[?25l[1G\u280b [K[?25h[?2026l[?2026h[?25l[1G\u2819 [K[?25h[?2026l[?2026h[?25l[1G\u2838 [K[?25h[?2026l[?2026h[?25l[1G\u283c [K[?25h[?2026l[?2026h[?25l[1G\u2834 [K[?25h[?2026l[?2026h[?25l[1G\u2834 [K[?25h[?2026l[?2026h[?25l[1G\u2827 [K[?25h[?2026l[?2026h[?25l[1G\u2827 [K[?25h[?2026l[?2026h[?25l[1G\u280f [K[?25h[?2026l[?2026h[?25l[1G\u280f [K[?25h[?2026l[?2026h[?25l[1G\u2819 [K[?25h[?2026l[?2026h[?25l[1G\u2819 [K[?25h[?2026l[?2026h[?25l[1G\u2838 [K[?25h[?2026l[?2026h[?25l[1G\u283c [K[?25h[?2026l[?2026h[?25l[1G\u283c [K[?25h[?2026l[?2026h[?25l[1G\u2834 [K[?25h[?2026l[?2026h[?25l[1G\u2827 [K[?25h[?2026l[?2026h[?25l[1G\u2807 [K[?25h[?2026l[?2026h[?25l[1G\u2807 [K[?25h[?2026l[?2026h[?25l[1G\u280b [K[?25h[?2026l[?2026h[?25l[1G\u280b [K[?25h[?2026l[?2026h[?25l[1G\u2839 [K[?25h[?2026l[?2026h[?25l[1G\u2839 [K[?25h[?2026l[?2026h[?25l[1G\u283c [K[?25h[?2026l[?2026h[?25l[1G\u2834 [K[?25h[?2026l[?2026h[?25l[1G\u2834 [K[?25h[?2026l[?2026h[?25l[1G\u2827 [K[?25h[?2026l[?2026h[?25l[1G\u2807 [K[?25h[?2026l[?2026h[?25l[1G\u2807 [K[?25h[?2026l[?2026h[?25l[1G\u280f [K[?25h[?2026l[?2026h[?25l[1G\u280b [K[?25h[?2026l[?2026h[?25l[1G\u2839 [K[?25h[?2026l[?2026h[?25l[1G\u2838 [K[?25h[?2026l[?2026h[?25l[1G\u2838 [K[?25h[?2026l[?2026h[?25l[1G\u2834 [K[?25h[?2026l[?2026h[?25l[1G\u2826 [K[?25h[?2026l[?2026h[?25l[1G\u2826 [K[?25h[?2026l[?2026h[?25l[1G\u2807 [K[?25h[?2026l[?2026h[?25l[1G\u280f [K[?25h[?2026l[?2026h[?25l[1G\u280f [K[?25h[?2026l[?2026h[?25l[1G\u2819 [K[?25h[?2026l[?2026h[?25l[1G\u2839 [K[?25h[?2026l[?2026h[?25l[1G\u2839 [K[?25h[?2026l[?2026h[?25l[1G\u283c [K[?25h[?2026l[?2026h[?25l[1G\u2834 [K[?25h[?2026l[?2026h[?25l[1G\u2834 [K[?25h[?2026l[?2026h[?25l[1G\u2826 [K[?25h[?2026l[?2026h[?25l[1G\u2827 [K[?25h[?2026l[?2026h[?25l[1G\u2807 [K[?25h[?2026l[?2026h[?25l[1G\u280b [K[?25h[?2026l[?2026h[?25l[1G\u280b [K[?25h[?2026l[?2026h[?25l[1G\u2839 [K[?25h[?2026l[?2026h[?25l[1G\u2839 [K[?25h[?2026l[?2026h[?25l[1G\u283c [K[?25h[?2026l[?2026h[?25l[1G\u283c [K[?25h[?2026l[?2026h[?25l[1G\u2826 [K[?25h[?2026l[?2026h[?25l[1G\u2826 [K[?25h[?2026l[?2026h[?25l[1G\u2827 [K[?25h[?2026l[?2026h[?25l[1G\u2807 [K[?25h[?2026l[?2026h[?25l[1G\u280b [K[?25h[?2026l[?2026h[?25l[1G\u2819 [K[?25h[?2026l[?2026h[?25l[1G\u2819 [K[?25h[?2026l[?2026h[?25l[1G\u2839 [K[?25h[?2026l[?2026h[?25l[1G\u2838 [K[?25h[?2026l[?2026h[?25l[1G\u283c [K[?25h[?2026l[?2026h[?25l[1G\u2826 [K[?25h[?2026l[?2026h[?25l[1G\u2826 [K[?25h[?2026l[?2026h[?25l[1G\u2827 [K[?25h[?2026l[?2026h[?25l[1G\u2807 [K[?25h[?2026l[?2026h[?25l[1G\u280b [K[?25h[?2026l[?2026h[?25l[1G\u280b [K[?25h[?2026l[?2026h[?25l[1G\u2839 [K[?25h[?2026l[?2026h[?25l[1G\u2839 [K[?25h[?2026l[?2026h[?25l[1G\u2838 [K[?25h[?2026l[?2026h[?25l[1G\u2834 [K[?25h[?2026l[?2026h[?25l[1G\u2834 [K[?25h[?2026l[?2026h[?25l[1G\u2826 [K[?25h[?2026l[?2026h[?25l[1G\u2807 [K[?25h[?2026l[?2026h[?25l[1G\u280f [K[?25h[?2026l[?2026h[?25l[1G\u280b [K[?25h[?2026l[?2026h[?25l[1G\u2819 [K[?25h[?2026l[?2026h[?25l[1G\u2819 [K[?25h[?2026l[?2026h[?25l[1G\u2839 [K[?25h[?2026l[?2026h[?25l[1G\u2838 [K[?25h[?2026l[?2026h[?25l[1G\u283c [K[?25h[?2026l[?2026h[?25l[1G\u2834 [K[?25h[?2026l[?2026h[?25l[1G\u2827 [K[?25h[?2026l[?2026h[?25l[1G\u2807 [K[?25h[?2026l[?2026h[?25l[1G\u280f [K[?25h[?2026l[?2026h[?25l[1G\u280b [K[?25h[?2026l[?2026h[?25l[1G\u2819 [K[?25h[?2026l[?2026h[?25l[1G\u2819 [K[?25h[?2026l[?2026h[?25l[1G\u2839 [K[?25h[?2026l[?2026h[?25l[1G\u283c [K[?25h[?2026l[?2026h[?25l[1G\u283c [K[?25h[?2026l[?2026h[?25l[1G\u2834 [K[?25h[?2026l[?2026h[?25l[1G\u2826 [K[?25h[?2026l[?2026h[?25l[1G\u2827 [K[?25h[?2026l[?2026h[?25l[1G\u2807 [K[?25h[?2026l[?2026h[?25l[1G\u280b [K[?25h[?2026l[?2026h[?25l[1G\u280b [K[?25h[?2026l[?2026h[?25l[1G\u2819 [K[?25h[?2026l[?2026h[?25l[1G\u2839 [K[?25h[?2026l[?2026h[?25l[1G\u2838 [K[?25h[?2026l[?2026h[?25l[1G\u2834 [K[?25h[?2026l[?2026h[?25l[1G\u2826 [K[?25h[?2026l[?2026h[?25l[1G\u2827 [K[?25h[?2026l[?2026h[?25l[1G\u2827 [K[?25h[?2026l[?2026h[?25l[1G\u2807 [K[?25h[?2026l[?2026h[?25l[1G\u280b [K[?25h[?2026l[?2026h[?25l[1G\u280b [K[?25h[?2026l[?2026h[?25l[1G\u2819 [K[?25h[?2026l[?2026h[?25l[1G\u2838 [K[?25h[?2026l[?2026h[?25l[1G\u283c [K[?25h[?2026l[?2026h[?25l[1G\u283c [K[?25h[?2026l[?2026h[?25l[1G\u2826 [K[?25h[?2026l[?2026h[?25l[1G\u2826 [K[?25h[?2026l[?2026h[?25l[1G\u2807 [K[?25h[?2026l[?2026h[?25l[1G\u2807 [K[?25h[?2026l[?2026h[?25l[1G\u280b [K[?25h[?2026l[?2026h[?25l[1G\u280b [K[?25h[?2026l[?2026h[?25l[1G\u2839 [K[?25h[?2026l[?2026h[?25l[1G\u2838 [K[?25h[?2026l[?2026h[?25l[1G\u2838 [K[?25h[?2026l[?2026h[?25l[1G\u283c [K[?25h[?2026l[?2026h[?25l[1G\u2834 [K[?25h[?2026l[?2026h[?25l[1G\u2826 [K[?25h[?2026l[?2026h[?25l[1G\u2807 [K[?25h[?2026l[?2026h[?25l[1G\u2807 [K[?25h[?2026l[?2026h[?25l[1G\u280b [K[?25h[?2026l[?2026h[?25l[1G\u2819 [K[?25h[?2026l[?2026h[?25l[1G\u2819 [K[?25h[?2026l[?2026h[?25l[1G\u2838 [K[?25h[?2026l[?2026h[?25l[1G\u283c [K[?25h[?2026l[?2026h[?25l[1G\u283c [K[?25h[?2026l[?2026h[?25l[1G\u2826 [K[?25h[?2026l[?2026h[?25l[1G\u2827 [K[?25h[?2026l[?2026h[?25l[1G\u2807 [K[?25h[?2026l[?2026h[?25l[1G\u2807 [K[?25h[?2026l[?2026h[?25l[1G\u280b [K[?25h[?2026l[?2026h[?25l[1G\u2819 [K[?25h[?2026l[?2026h[?25l[1G\u2819 [K[?25h[?2026l[?2026h[?25l[1G\u2839 [K[?25h[?2026l[?2026h[?25l[1G\u283c [K[?25h[?2026l[?2026h[?25l[1G\u2834 [K[?25h[?2026l[?2026h[?25l[1G\u2834 [K[?25h[?2026l[?2026h[?25l[1G\u2826 [K[?25h[?2026l[?2026h[?25l[1G\u2807 [K[?25h[?2026l[?2026h[?25l[1G\u280f [K[?25h[?2026l[?2026h[?25l[1G\u280f [K[?25h[?2026l[?2026h[?25l[1G\u280b [K[?25h[?2026l[?2026h[?25l[1G\u2819 [K[?25h[?2026l[?2026h[?25l[1G\u2838 [K[?25h[?2026l[?2026h[?25l[1G\u2838 [K[?25h[?2026l[?2026h[?25l[1G\u283c [K[?25h[?2026l[?2026h[?25l[1G\u2834 [K[?25h[?2026l[?2026h[?25l[1G\u2826 [K[?25h[?2026l[?2026h[?25l[1G\u2807 [K[?25h[?2026l[?2026h[?25l[1G\u280f [K[?25h[?2026l[?2026h[?25l[1G\u280b [K[?25h[?2026l[?2026h[?25l[1G\u2819 [K[?25h[?2026l[?2026h[?25l[1G\u2839 [K[?25h[?2026l[?2026h[?25l[1G\u2838 [K[?25h[?2026l[?2026h[?25l[1G\u2838 [K[?25h[?2026l[?2026h[?25l[1G\u2834 [K[?25h[?2026l[?2026h[?25l[1G\u2834 [K[?25h[?2026l[?2026h[?25l[1G\u2827 [K[?25h[?2026l[?2026h[?25l[1G\u2827 [K[?25h[?2026l[?2026h[?25l[1G\u2807 [K[?25h[?2026l[?2026h[?25l[1G\u280b [K[?25h[?2026l[?2026h[?25l[1G\u280b [K[?25h[?2026l[?2026h[?25l[1G\u2819 [K[?25h[?2026l[?2026h[?25l[1G\u2839 [K[?25h[?2026l[?2026h[?25l[1G\u283c [K[?25h[?2026l[?2026h[?25l[1G\u2834 [K[?25h[?2026l[?2026h[?25l[1G\u2834 [K[?25h[?2026l[?2026h[?25l[1G\u2826 [K[?25h[?2026l[?2026h[?25l[1G\u2807 [K[?25h[?2026l[?2026h[?25l[1G\u2807 [K[?25h[?2026l[?2026h[?25l[1G\u280f [K[?25h[?2026l[?2026h[?25l[1G\u280b [K[?25h[?2026l[?2026h[?25l[1G\u2819 [K[?25h[?2026l[?2026h[?25l[1G\u2838 [K[?25h[?2026l[?2026h[?25l[1G\u283c [K[?25h[?2026l[?2026h[?25l[1G\u2834 [K[?25h[?2026l[?25l[?2026h[?25l[1G[K[?25h[?2026l[2K[1G[?25hError: Post "http://127.0.0.1:11434/api/generate": EOF

2026-07-25 14:48:33,834 - kindroid_client - ERROR - All Kindroid endpoints failed or returned non-200
2026-07-25 14:48:58,903 - discord.voice_state - INFO - Timed out connecting to voice
2026-07-25 14:48:58,903 - discord.voice_state - INFO - The voice handshake is being terminated for Channel ID 1530563400164446358 (Guild ID 1529997509337026791)
2026-07-25 14:48:58,903 - discord.voice_state - INFO - The voice handshake is being terminated for Channel ID 1530563400164446358 (Guild ID 1529997509337026791)
2026-07-25 14:49:28,904 - cogs.commands - WARNING - Voice connect attempt 3 failed for guild 1529997509337026791: 
2026-07-25 14:49:30,914 - cogs.commands - ERROR - Failed to join voice channel
Traceback (most recent call last):
  File "C:\Users\Andre Norris\AppData\Local\Programs\Python\Python312\Lib\asyncio\tasks.py", line 520, in wait_for
    return await fut
           ^^^^^^^^^
  File "C:\Users\Andre Norris\kindroid-discord-bot\.venv\Lib\site-packages\discord\voice_state.py", line 407, in _inner_connect
    await self._wait_for_state(ConnectionFlowState.got_both_voice_updates)
  File "C:\Users\Andre Norris\kindroid-discord-bot\.venv\Lib\site-packages\discord\voice_state.py", line 559, in _wait_for_state
    await sane_wait_for([self._state_event.wait()], timeout=timeout)
  File "C:\Users\Andre Norris\kindroid-discord-bot\.venv\Lib\site-packages\discord\utils.py", line 735, in sane_wait_for
    done, pending = await asyncio.wait(ensured, timeout=timeout, return_when=asyncio.ALL_COMPLETED)
                    ^^^^^^^^^^^^^^^^^^^^^^^^^^^^^^^^^^^^^^^^^^^^^^^^^^^^^^^^^^^^^^^^^^^^^^^^^^^^^^^
  File "C:\Users\Andre Norris\AppData\Local\Programs\Python\Python312\Lib\asyncio\tasks.py", line 464, in wait
    return await _wait(fs, timeout, return_when, loop)
           ^^^^^^^^^^^^^^^^^^^^^^^^^^^^^^^^^^^^^^^^^^^
  File "C:\Users\Andre Norris\AppData\Local\Programs\Python\Python312\Lib\asyncio\tasks.py", line 550, in _wait
    await waiter
asyncio.exceptions.CancelledError

The above exception was the direct cause of the following exception:

Traceback (most recent call last):
  File "C:\Users\Andre Norris\kindroid-discord-bot\cogs\commands.py", line 154, in join
    await self._connect_voice_channel(ctx.guild, channel)
  File "C:\Users\Andre Norris\kindroid-discord-bot\cogs\commands.py", line 64, in _connect_voice_channel
    raise last_error or RuntimeError("Voice connection failed")
  File "C:\Users\Andre Norris\kindroid-discord-bot\cogs\commands.py", line 53, in _connect_voice_channel
    return await channel.connect(timeout=timeout, reconnect=True, cls=client_cls)
           ^^^^^^^^^^^^^^^^^^^^^^^^^^^^^^^^^^^^^^^^^^^^^^^^^^^^^^^^^^^^^^^^^^^^^^
  File "C:\Users\Andre Norris\kindroid-discord-bot\.venv\Lib\site-packages\discord\abc.py", line 1992, in connect
    await voice.connect(timeout=timeout, reconnect=reconnect, self_deaf=self_deaf, self_mute=self_mute)
  File "C:\Users\Andre Norris\kindroid-discord-bot\.venv\Lib\site-packages\discord\voice_client.py", line 306, in connect
    await self._connection.connect(
  File "C:\Users\Andre Norris\kindroid-discord-bot\.venv\Lib\site-packages\discord\voice_state.py", line 380, in connect
    await self._connector
  File "C:\Users\Andre Norris\kindroid-discord-bot\.venv\Lib\site-packages\discord\voice_state.py", line 384, in _wrap_connect
    await self._connect(*args)
  File "C:\Users\Andre Norris\kindroid-discord-bot\.venv\Lib\site-packages\discord\voice_state.py", line 429, in _connect
    await asyncio.wait_for(
  File "C:\Users\Andre Norris\AppData\Local\Programs\Python\Python312\Lib\asyncio\tasks.py", line 519, in wait_for
    async with timeouts.timeout(timeout):
               ^^^^^^^^^^^^^^^^^^^^^^^^^
  File "C:\Users\Andre Norris\AppData\Local\Programs\Python\Python312\Lib\asyncio\timeouts.py", line 115, in __aexit__
    raise TimeoutError from exc_val
TimeoutError
2026-07-25 14:49:43,032 - kindroid_client - WARNING - Ollama stderr: Error: upgrade in progress...

2026-07-25 14:49:43,949 - kindroid_client - ERROR - All Kindroid endpoints failed or returned non-200
2026-07-25 14:55:36,119 - cogs.commands - WARNING - Voice connect attempt 1 failed for guild 1529997509337026791: Already connected to a voice channel.
2026-07-25 14:55:36,119 - discord.voice_state - INFO - The voice handshake is being terminated for Channel ID 1530563400164446358 (Guild ID 1529997509337026791)
2026-07-25 14:55:36,120 - discord.voice_state - INFO - Connecting to voice...
2026-07-25 14:55:36,120 - discord.voice_state - INFO - Starting voice handshake... (connection attempt 1)
2026-07-25 14:55:36,320 - discord.voice_state - INFO - Voice handshake complete. Endpoint found: c-ord10-84990320.discord.media
2026-07-25 14:55:36,466 - discord.voice_state - ERROR - Failed to connect to voice... Retrying in 1.0s...
Traceback (most recent call last):
  File "C:\Users\Andre Norris\kindroid-discord-bot\.venv\Lib\site-packages\discord\voice_state.py", line 413, in _inner_connect
    await self._handshake_websocket()
  File "C:\Users\Andre Norris\kindroid-discord-bot\.venv\Lib\site-packages\discord\voice_state.py", line 583, in _handshake_websocket
    await self.ws.poll_event()
  File "C:\Users\Andre Norris\kindroid-discord-bot\.venv\Lib\site-packages\discord\gateway.py", line 1039, in poll_event
    raise ConnectionClosed(self.ws, shard_id=None, code=self._close_code)
discord.errors.ConnectionClosed: Shard ID None WebSocket closed with 4006
2026-07-25 14:55:36,468 - discord.voice_state - INFO - The voice handshake is being terminated for Channel ID 1530563400164446358 (Guild ID 1529997509337026791)
2026-07-25 14:55:37,476 - discord.voice_state - INFO - Starting voice handshake... (connection attempt 2)
2026-07-25 14:55:38,575 - discord.voice_state - INFO - Connecting to voice...
2026-07-25 14:55:38,575 - discord.voice_state - INFO - Starting voice handshake... (connection attempt 1)
2026-07-25 14:56:06,131 - discord.voice_state - INFO - Timed out connecting to voice
2026-07-25 14:56:06,131 - discord.voice_state - INFO - The voice handshake is being terminated for Channel ID 1530563400164446358 (Guild ID 1529997509337026791)
2026-07-25 14:56:06,131 - discord.voice_state - INFO - The voice handshake is being terminated for Channel ID 1530563400164446358 (Guild ID 1529997509337026791)
2026-07-25 14:56:08,583 - discord.voice_state - INFO - Timed out connecting to voice
2026-07-25 14:56:08,583 - discord.voice_state - INFO - The voice handshake is being terminated for Channel ID 1530563400164446358 (Guild ID 1529997509337026791)
2026-07-25 14:56:08,583 - discord.voice_state - INFO - The voice handshake is being terminated for Channel ID 1530563400164446358 (Guild ID 1529997509337026791)
2026-07-25 14:56:36,132 - cogs.commands - WARNING - Voice connect attempt 1 failed for guild 1529997509337026791: 
2026-07-25 14:56:38,144 - discord.voice_state - INFO - Connecting to voice...
2026-07-25 14:56:38,144 - discord.voice_state - INFO - Starting voice handshake... (connection attempt 1)
2026-07-25 14:56:38,325 - discord.voice_state - INFO - Voice handshake complete. Endpoint found: c-ord10-84990320.discord.media
2026-07-25 14:56:38,464 - discord.voice_state - ERROR - Failed to connect to voice... Retrying in 1.0s...
Traceback (most recent call last):
  File "C:\Users\Andre Norris\kindroid-discord-bot\.venv\Lib\site-packages\discord\voice_state.py", line 413, in _inner_connect
    await self._handshake_websocket()
  File "C:\Users\Andre Norris\kindroid-discord-bot\.venv\Lib\site-packages\discord\voice_state.py", line 583, in _handshake_websocket
    await self.ws.poll_event()
  File "C:\Users\Andre Norris\kindroid-discord-bot\.venv\Lib\site-packages\discord\gateway.py", line 1039, in poll_event
    raise ConnectionClosed(self.ws, shard_id=None, code=self._close_code)
discord.errors.ConnectionClosed: Shard ID None WebSocket closed with 4006
2026-07-25 14:56:38,465 - discord.voice_state - INFO - The voice handshake is being terminated for Channel ID 1530563400164446358 (Guild ID 1529997509337026791)
2026-07-25 14:56:38,589 - cogs.commands - WARNING - Voice connect attempt 2 failed for guild 1529997509337026791: 
2026-07-25 14:56:39,468 - discord.voice_state - INFO - Starting voice handshake... (connection attempt 2)
2026-07-25 14:56:40,597 - discord.voice_state - INFO - Connecting to voice...
2026-07-25 14:56:40,597 - discord.voice_state - INFO - Starting voice handshake... (connection attempt 1)
2026-07-25 14:57:08,150 - discord.voice_state - INFO - Timed out connecting to voice
2026-07-25 14:57:08,150 - discord.voice_state - INFO - The voice handshake is being terminated for Channel ID 1530563400164446358 (Guild ID 1529997509337026791)
2026-07-25 14:57:08,150 - discord.voice_state - INFO - The voice handshake is being terminated for Channel ID 1530563400164446358 (Guild ID 1529997509337026791)
2026-07-25 14:57:10,619 - discord.voice_state - INFO - Timed out connecting to voice
2026-07-25 14:57:10,619 - discord.voice_state - INFO - The voice handshake is being terminated for Channel ID 1530563400164446358 (Guild ID 1529997509337026791)
2026-07-25 14:57:10,620 - discord.voice_state - INFO - The voice handshake is being terminated for Channel ID 1530563400164446358 (Guild ID 1529997509337026791)
2026-07-25 14:57:38,149 - cogs.commands - WARNING - Voice connect attempt 2 failed for guild 1529997509337026791: 
2026-07-25 14:57:40,150 - discord.voice_state - INFO - Connecting to voice...
2026-07-25 14:57:40,150 - discord.voice_state - INFO - Starting voice handshake... (connection attempt 1)
2026-07-25 14:57:40,329 - discord.voice_state - INFO - Voice handshake complete. Endpoint found: c-ord10-84990320.discord.media
2026-07-25 14:57:40,474 - discord.voice_state - ERROR - Failed to connect to voice... Retrying in 1.0s...
Traceback (most recent call last):
  File "C:\Users\Andre Norris\kindroid-discord-bot\.venv\Lib\site-packages\discord\voice_state.py", line 413, in _inner_connect
    await self._handshake_websocket()
  File "C:\Users\Andre Norris\kindroid-discord-bot\.venv\Lib\site-packages\discord\voice_state.py", line 583, in _handshake_websocket
    await self.ws.poll_event()
  File "C:\Users\Andre Norris\kindroid-discord-bot\.venv\Lib\site-packages\discord\gateway.py", line 1039, in poll_event
    raise ConnectionClosed(self.ws, shard_id=None, code=self._close_code)
discord.errors.ConnectionClosed: Shard ID None WebSocket closed with 4006
2026-07-25 14:57:40,476 - discord.voice_state - INFO - The voice handshake is being terminated for Channel ID 1530563400164446358 (Guild ID 1529997509337026791)
2026-07-25 14:57:40,632 - cogs.commands - WARNING - Voice connect attempt 3 failed for guild 1529997509337026791: 
2026-07-25 14:57:41,484 - discord.voice_state - INFO - Starting voice handshake... (connection attempt 2)
2026-07-25 14:57:42,629 - cogs.commands - ERROR - Failed to join voice channel
Traceback (most recent call last):
  File "C:\Users\Andre Norris\AppData\Local\Programs\Python\Python312\Lib\asyncio\tasks.py", line 520, in wait_for
    return await fut
           ^^^^^^^^^
  File "C:\Users\Andre Norris\kindroid-discord-bot\.venv\Lib\site-packages\discord\voice_state.py", line 407, in _inner_connect
    await self._wait_for_state(ConnectionFlowState.got_both_voice_updates)
  File "C:\Users\Andre Norris\kindroid-discord-bot\.venv\Lib\site-packages\discord\voice_state.py", line 559, in _wait_for_state
    await sane_wait_for([self._state_event.wait()], timeout=timeout)
  File "C:\Users\Andre Norris\kindroid-discord-bot\.venv\Lib\site-packages\discord\utils.py", line 735, in sane_wait_for
    done, pending = await asyncio.wait(ensured, timeout=timeout, return_when=asyncio.ALL_COMPLETED)
                    ^^^^^^^^^^^^^^^^^^^^^^^^^^^^^^^^^^^^^^^^^^^^^^^^^^^^^^^^^^^^^^^^^^^^^^^^^^^^^^^
  File "C:\Users\Andre Norris\AppData\Local\Programs\Python\Python312\Lib\asyncio\tasks.py", line 464, in wait
    return await _wait(fs, timeout, return_when, loop)
           ^^^^^^^^^^^^^^^^^^^^^^^^^^^^^^^^^^^^^^^^^^^
  File "C:\Users\Andre Norris\AppData\Local\Programs\Python\Python312\Lib\asyncio\tasks.py", line 550, in _wait
    await waiter
asyncio.exceptions.CancelledError

The above exception was the direct cause of the following exception:

Traceback (most recent call last):
  File "C:\Users\Andre Norris\kindroid-discord-bot\cogs\commands.py", line 154, in join
    await self._connect_voice_channel(ctx.guild, channel)
  File "C:\Users\Andre Norris\kindroid-discord-bot\cogs\commands.py", line 64, in _connect_voice_channel
    raise last_error or RuntimeError("Voice connection failed")
  File "C:\Users\Andre Norris\kindroid-discord-bot\cogs\commands.py", line 53, in _connect_voice_channel
    return await channel.connect(timeout=timeout, reconnect=True, cls=client_cls)
           ^^^^^^^^^^^^^^^^^^^^^^^^^^^^^^^^^^^^^^^^^^^^^^^^^^^^^^^^^^^^^^^^^^^^^^
  File "C:\Users\Andre Norris\kindroid-discord-bot\.venv\Lib\site-packages\discord\abc.py", line 1992, in connect
    await voice.connect(timeout=timeout, reconnect=reconnect, self_deaf=self_deaf, self_mute=self_mute)
  File "C:\Users\Andre Norris\kindroid-discord-bot\.venv\Lib\site-packages\discord\voice_client.py", line 306, in connect
    await self._connection.connect(
  File "C:\Users\Andre Norris\kindroid-discord-bot\.venv\Lib\site-packages\discord\voice_state.py", line 380, in connect
    await self._connector
  File "C:\Users\Andre Norris\kindroid-discord-bot\.venv\Lib\site-packages\discord\voice_state.py", line 384, in _wrap_connect
    await self._connect(*args)
  File "C:\Users\Andre Norris\kindroid-discord-bot\.venv\Lib\site-packages\discord\voice_state.py", line 429, in _connect
    await asyncio.wait_for(
  File "C:\Users\Andre Norris\AppData\Local\Programs\Python\Python312\Lib\asyncio\tasks.py", line 519, in wait_for
    async with timeouts.timeout(timeout):
               ^^^^^^^^^^^^^^^^^^^^^^^^^
  File "C:\Users\Andre Norris\AppData\Local\Programs\Python\Python312\Lib\asyncio\timeouts.py", line 115, in __aexit__
    raise TimeoutError from exc_val
TimeoutError
2026-07-25 14:58:10,149 - discord.voice_state - INFO - Timed out connecting to voice
2026-07-25 14:58:10,149 - discord.voice_state - INFO - The voice handshake is being terminated for Channel ID 1530563400164446358 (Guild ID 1529997509337026791)
2026-07-25 14:58:10,149 - discord.voice_state - INFO - The voice handshake is being terminated for Channel ID 1530563400164446358 (Guild ID 1529997509337026791)
2026-07-25 14:58:40,148 - cogs.commands - WARNING - Voice connect attempt 3 failed for guild 1529997509337026791: 
2026-07-25 14:58:42,148 - cogs.commands - ERROR - Failed to join voice channel
Traceback (most recent call last):
  File "C:\Users\Andre Norris\AppData\Local\Programs\Python\Python312\Lib\asyncio\tasks.py", line 520, in wait_for
    return await fut
           ^^^^^^^^^
  File "C:\Users\Andre Norris\kindroid-discord-bot\.venv\Lib\site-packages\discord\voice_state.py", line 407, in _inner_connect
    await self._wait_for_state(ConnectionFlowState.got_both_voice_updates)
  File "C:\Users\Andre Norris\kindroid-discord-bot\.venv\Lib\site-packages\discord\voice_state.py", line 559, in _wait_for_state
    await sane_wait_for([self._state_event.wait()], timeout=timeout)
  File "C:\Users\Andre Norris\kindroid-discord-bot\.venv\Lib\site-packages\discord\utils.py", line 735, in sane_wait_for
    done, pending = await asyncio.wait(ensured, timeout=timeout, return_when=asyncio.ALL_COMPLETED)
                    ^^^^^^^^^^^^^^^^^^^^^^^^^^^^^^^^^^^^^^^^^^^^^^^^^^^^^^^^^^^^^^^^^^^^^^^^^^^^^^^
  File "C:\Users\Andre Norris\AppData\Local\Programs\Python\Python312\Lib\asyncio\tasks.py", line 464, in wait
    return await _wait(fs, timeout, return_when, loop)
           ^^^^^^^^^^^^^^^^^^^^^^^^^^^^^^^^^^^^^^^^^^^
  File "C:\Users\Andre Norris\AppData\Local\Programs\Python\Python312\Lib\asyncio\tasks.py", line 550, in _wait
    await waiter
asyncio.exceptions.CancelledError

The above exception was the direct cause of the following exception:

Traceback (most recent call last):
  File "C:\Users\Andre Norris\kindroid-discord-bot\cogs\commands.py", line 154, in join
    await self._connect_voice_channel(ctx.guild, channel)
  File "C:\Users\Andre Norris\kindroid-discord-bot\cogs\commands.py", line 64, in _connect_voice_channel
    raise last_error or RuntimeError("Voice connection failed")
  File "C:\Users\Andre Norris\kindroid-discord-bot\cogs\commands.py", line 53, in _connect_voice_channel
    return await channel.connect(timeout=timeout, reconnect=True, cls=client_cls)
           ^^^^^^^^^^^^^^^^^^^^^^^^^^^^^^^^^^^^^^^^^^^^^^^^^^^^^^^^^^^^^^^^^^^^^^
  File "C:\Users\Andre Norris\kindroid-discord-bot\.venv\Lib\site-packages\discord\abc.py", line 1992, in connect
    await voice.connect(timeout=timeout, reconnect=reconnect, self_deaf=self_deaf, self_mute=self_mute)
  File "C:\Users\Andre Norris\kindroid-discord-bot\.venv\Lib\site-packages\discord\voice_client.py", line 306, in connect
    await self._connection.connect(
  File "C:\Users\Andre Norris\kindroid-discord-bot\.venv\Lib\site-packages\discord\voice_state.py", line 380, in connect
    await self._connector
  File "C:\Users\Andre Norris\kindroid-discord-bot\.venv\Lib\site-packages\discord\voice_state.py", line 384, in _wrap_connect
    await self._connect(*args)
  File "C:\Users\Andre Norris\kindroid-discord-bot\.venv\Lib\site-packages\discord\voice_state.py", line 429, in _connect
    await asyncio.wait_for(
  File "C:\Users\Andre Norris\AppData\Local\Programs\Python\Python312\Lib\asyncio\tasks.py", line 519, in wait_for
    async with timeouts.timeout(timeout):
               ^^^^^^^^^^^^^^^^^^^^^^^^^
  File "C:\Users\Andre Norris\AppData\Local\Programs\Python\Python312\Lib\asyncio\timeouts.py", line 115, in __aexit__
    raise TimeoutError from exc_val
TimeoutError
2026-07-25 15:01:09,450 - cogs.commands - WARNING - Voice connect attempt 1 failed for guild 1529997509337026791: Already connected to a voice channel.
2026-07-25 15:01:09,450 - discord.voice_state - INFO - The voice handshake is being terminated for Channel ID 1530563400164446358 (Guild ID 1529997509337026791)
2026-07-25 15:01:09,450 - discord.voice_state - INFO - Connecting to voice...
2026-07-25 15:01:09,450 - discord.voice_state - INFO - Starting voice handshake... (connection attempt 1)
2026-07-25 15:01:09,629 - discord.voice_state - INFO - Voice handshake complete. Endpoint found: c-ord10-84990320.discord.media
2026-07-25 15:01:09,826 - discord.voice_state - ERROR - Failed to connect to voice... Retrying in 1.0s...
Traceback (most recent call last):
  File "C:\Users\Andre Norris\kindroid-discord-bot\.venv\Lib\site-packages\discord\voice_state.py", line 413, in _inner_connect
    await self._handshake_websocket()
  File "C:\Users\Andre Norris\kindroid-discord-bot\.venv\Lib\site-packages\discord\voice_state.py", line 583, in _handshake_websocket
    await self.ws.poll_event()
  File "C:\Users\Andre Norris\kindroid-discord-bot\.venv\Lib\site-packages\discord\gateway.py", line 1039, in poll_event
    raise ConnectionClosed(self.ws, shard_id=None, code=self._close_code)
discord.errors.ConnectionClosed: Shard ID None WebSocket closed with 4006
2026-07-25 15:01:09,828 - discord.voice_state - INFO - The voice handshake is being terminated for Channel ID 1530563400164446358 (Guild ID 1529997509337026791)
2026-07-25 15:01:10,841 - discord.voice_state - INFO - Starting voice handshake... (connection attempt 2)
2026-07-25 15:01:11,917 - discord.voice_state - INFO - Connecting to voice...
2026-07-25 15:01:11,917 - discord.voice_state - INFO - Starting voice handshake... (connection attempt 1)
2026-07-25 15:01:39,453 - discord.voice_state - INFO - Timed out connecting to voice
2026-07-25 15:01:39,453 - discord.voice_state - INFO - The voice handshake is being terminated for Channel ID 1530563400164446358 (Guild ID 1529997509337026791)
2026-07-25 15:01:39,454 - discord.voice_state - INFO - The voice handshake is being terminated for Channel ID 1530563400164446358 (Guild ID 1529997509337026791)
2026-07-25 15:01:41,928 - discord.voice_state - INFO - Timed out connecting to voice
2026-07-25 15:01:41,934 - discord.voice_state - INFO - The voice handshake is being terminated for Channel ID 1530563400164446358 (Guild ID 1529997509337026791)
2026-07-25 15:01:41,934 - discord.voice_state - INFO - The voice handshake is being terminated for Channel ID 1530563400164446358 (Guild ID 1529997509337026791)
2026-07-25 15:02:09,483 - cogs.commands - WARNING - Voice connect attempt 1 failed for guild 1529997509337026791: 
2026-07-25 15:02:11,485 - discord.voice_state - INFO - Connecting to voice...
2026-07-25 15:02:11,486 - discord.voice_state - INFO - Starting voice handshake... (connection attempt 1)
2026-07-25 15:02:11,697 - discord.voice_state - INFO - Voice handshake complete. Endpoint found: c-ord15-e1cafd9b.discord.media
2026-07-25 15:02:11,893 - discord.voice_state - ERROR - Failed to connect to voice... Retrying in 1.0s...
Traceback (most recent call last):
  File "C:\Users\Andre Norris\kindroid-discord-bot\.venv\Lib\site-packages\discord\voice_state.py", line 413, in _inner_connect
    await self._handshake_websocket()
  File "C:\Users\Andre Norris\kindroid-discord-bot\.venv\Lib\site-packages\discord\voice_state.py", line 583, in _handshake_websocket
    await self.ws.poll_event()
  File "C:\Users\Andre Norris\kindroid-discord-bot\.venv\Lib\site-packages\discord\gateway.py", line 1039, in poll_event
    raise ConnectionClosed(self.ws, shard_id=None, code=self._close_code)
discord.errors.ConnectionClosed: Shard ID None WebSocket closed with 4006
2026-07-25 15:02:11,894 - discord.voice_state - INFO - The voice handshake is being terminated for Channel ID 1530563400164446358 (Guild ID 1529997509337026791)
2026-07-25 15:02:11,940 - cogs.commands - WARNING - Voice connect attempt 2 failed for guild 1529997509337026791: 
2026-07-25 15:02:12,896 - discord.voice_state - INFO - Starting voice handshake... (connection attempt 2)
2026-07-25 15:02:13,944 - discord.voice_state - INFO - Connecting to voice...
2026-07-25 15:02:13,944 - discord.voice_state - INFO - Starting voice handshake... (connection attempt 1)
2026-07-25 15:02:41,510 - discord.voice_state - INFO - Timed out connecting to voice
2026-07-25 15:02:41,510 - discord.voice_state - INFO - The voice handshake is being terminated for Channel ID 1530563400164446358 (Guild ID 1529997509337026791)
2026-07-25 15:02:41,510 - discord.voice_state - INFO - The voice handshake is being terminated for Channel ID 1530563400164446358 (Guild ID 1529997509337026791)
2026-07-25 15:02:43,959 - discord.voice_state - INFO - Timed out connecting to voice
2026-07-25 15:02:43,959 - discord.voice_state - INFO - The voice handshake is being terminated for Channel ID 1530563400164446358 (Guild ID 1529997509337026791)
2026-07-25 15:02:43,959 - discord.voice_state - INFO - The voice handshake is being terminated for Channel ID 1530563400164446358 (Guild ID 1529997509337026791)
2026-07-25 15:03:11,517 - cogs.commands - WARNING - Voice connect attempt 2 failed for guild 1529997509337026791: 
2026-07-25 15:03:13,536 - discord.voice_state - INFO - Connecting to voice...
2026-07-25 15:03:13,536 - discord.voice_state - INFO - Starting voice handshake... (connection attempt 1)
2026-07-25 15:03:13,688 - discord.voice_state - INFO - Voice handshake complete. Endpoint found: c-ord02-aba2417c.discord.media
2026-07-25 15:03:13,878 - discord.voice_state - ERROR - Failed to connect to voice... Retrying in 1.0s...
Traceback (most recent call last):
  File "C:\Users\Andre Norris\kindroid-discord-bot\.venv\Lib\site-packages\discord\voice_state.py", line 413, in _inner_connect
    await self._handshake_websocket()
  File "C:\Users\Andre Norris\kindroid-discord-bot\.venv\Lib\site-packages\discord\voice_state.py", line 583, in _handshake_websocket
    await self.ws.poll_event()
  File "C:\Users\Andre Norris\kindroid-discord-bot\.venv\Lib\site-packages\discord\gateway.py", line 1039, in poll_event
    raise ConnectionClosed(self.ws, shard_id=None, code=self._close_code)
discord.errors.ConnectionClosed: Shard ID None WebSocket closed with 4006
2026-07-25 15:03:13,880 - discord.voice_state - INFO - The voice handshake is being terminated for Channel ID 1530563400164446358 (Guild ID 1529997509337026791)
2026-07-25 15:03:13,968 - cogs.commands - WARNING - Voice connect attempt 3 failed for guild 1529997509337026791: 
2026-07-25 15:03:14,883 - discord.voice_state - INFO - Starting voice handshake... (connection attempt 2)
2026-07-25 15:03:15,965 - cogs.commands - ERROR - Failed to join voice channel
Traceback (most recent call last):
  File "C:\Users\Andre Norris\AppData\Local\Programs\Python\Python312\Lib\asyncio\tasks.py", line 520, in wait_for
    return await fut
           ^^^^^^^^^
  File "C:\Users\Andre Norris\kindroid-discord-bot\.venv\Lib\site-packages\discord\voice_state.py", line 407, in _inner_connect
    await self._wait_for_state(ConnectionFlowState.got_both_voice_updates)
  File "C:\Users\Andre Norris\kindroid-discord-bot\.venv\Lib\site-packages\discord\voice_state.py", line 559, in _wait_for_state
    await sane_wait_for([self._state_event.wait()], timeout=timeout)
  File "C:\Users\Andre Norris\kindroid-discord-bot\.venv\Lib\site-packages\discord\utils.py", line 735, in sane_wait_for
    done, pending = await asyncio.wait(ensured, timeout=timeout, return_when=asyncio.ALL_COMPLETED)
                    ^^^^^^^^^^^^^^^^^^^^^^^^^^^^^^^^^^^^^^^^^^^^^^^^^^^^^^^^^^^^^^^^^^^^^^^^^^^^^^^
  File "C:\Users\Andre Norris\AppData\Local\Programs\Python\Python312\Lib\asyncio\tasks.py", line 464, in wait
    return await _wait(fs, timeout, return_when, loop)
           ^^^^^^^^^^^^^^^^^^^^^^^^^^^^^^^^^^^^^^^^^^^
  File "C:\Users\Andre Norris\AppData\Local\Programs\Python\Python312\Lib\asyncio\tasks.py", line 550, in _wait
    await waiter
asyncio.exceptions.CancelledError

The above exception was the direct cause of the following exception:

Traceback (most recent call last):
  File "C:\Users\Andre Norris\kindroid-discord-bot\cogs\commands.py", line 154, in join
    await self._connect_voice_channel(ctx.guild, channel)
  File "C:\Users\Andre Norris\kindroid-discord-bot\cogs\commands.py", line 64, in _connect_voice_channel
    raise last_error or RuntimeError("Voice connection failed")
  File "C:\Users\Andre Norris\kindroid-discord-bot\cogs\commands.py", line 53, in _connect_voice_channel
    return await channel.connect(timeout=timeout, reconnect=True, cls=client_cls)
           ^^^^^^^^^^^^^^^^^^^^^^^^^^^^^^^^^^^^^^^^^^^^^^^^^^^^^^^^^^^^^^^^^^^^^^
  File "C:\Users\Andre Norris\kindroid-discord-bot\.venv\Lib\site-packages\discord\abc.py", line 1992, in connect
    await voice.connect(timeout=timeout, reconnect=reconnect, self_deaf=self_deaf, self_mute=self_mute)
  File "C:\Users\Andre Norris\kindroid-discord-bot\.venv\Lib\site-packages\discord\voice_client.py", line 306, in connect
    await self._connection.connect(
  File "C:\Users\Andre Norris\kindroid-discord-bot\.venv\Lib\site-packages\discord\voice_state.py", line 380, in connect
    await self._connector
  File "C:\Users\Andre Norris\kindroid-discord-bot\.venv\Lib\site-packages\discord\voice_state.py", line 384, in _wrap_connect
    await self._connect(*args)
  File "C:\Users\Andre Norris\kindroid-discord-bot\.venv\Lib\site-packages\discord\voice_state.py", line 429, in _connect
    await asyncio.wait_for(
  File "C:\Users\Andre Norris\AppData\Local\Programs\Python\Python312\Lib\asyncio\tasks.py", line 519, in wait_for
    async with timeouts.timeout(timeout):
               ^^^^^^^^^^^^^^^^^^^^^^^^^
  File "C:\Users\Andre Norris\AppData\Local\Programs\Python\Python312\Lib\asyncio\timeouts.py", line 115, in __aexit__
    raise TimeoutError from exc_val
TimeoutError
2026-07-25 15:03:43,555 - discord.voice_state - INFO - Timed out connecting to voice
2026-07-25 15:03:43,555 - discord.voice_state - INFO - The voice handshake is being terminated for Channel ID 1530563400164446358 (Guild ID 1529997509337026791)
2026-07-25 15:03:43,555 - discord.voice_state - INFO - The voice handshake is being terminated for Channel ID 1530563400164446358 (Guild ID 1529997509337026791)
2026-07-25 15:04:13,562 - cogs.commands - WARNING - Voice connect attempt 3 failed for guild 1529997509337026791: 
2026-07-25 15:04:15,572 - cogs.commands - ERROR - Failed to join voice channel
Traceback (most recent call last):
  File "C:\Users\Andre Norris\AppData\Local\Programs\Python\Python312\Lib\asyncio\tasks.py", line 520, in wait_for
    return await fut
           ^^^^^^^^^
  File "C:\Users\Andre Norris\kindroid-discord-bot\.venv\Lib\site-packages\discord\voice_state.py", line 407, in _inner_connect
    await self._wait_for_state(ConnectionFlowState.got_both_voice_updates)
  File "C:\Users\Andre Norris\kindroid-discord-bot\.venv\Lib\site-packages\discord\voice_state.py", line 559, in _wait_for_state
    await sane_wait_for([self._state_event.wait()], timeout=timeout)
  File "C:\Users\Andre Norris\kindroid-discord-bot\.venv\Lib\site-packages\discord\utils.py", line 735, in sane_wait_for
    done, pending = await asyncio.wait(ensured, timeout=timeout, return_when=asyncio.ALL_COMPLETED)
                    ^^^^^^^^^^^^^^^^^^^^^^^^^^^^^^^^^^^^^^^^^^^^^^^^^^^^^^^^^^^^^^^^^^^^^^^^^^^^^^^
  File "C:\Users\Andre Norris\AppData\Local\Programs\Python\Python312\Lib\asyncio\tasks.py", line 464, in wait
    return await _wait(fs, timeout, return_when, loop)
           ^^^^^^^^^^^^^^^^^^^^^^^^^^^^^^^^^^^^^^^^^^^
  File "C:\Users\Andre Norris\AppData\Local\Programs\Python\Python312\Lib\asyncio\tasks.py", line 550, in _wait
    await waiter
asyncio.exceptions.CancelledError

The above exception was the direct cause of the following exception:

Traceback (most recent call last):
  File "C:\Users\Andre Norris\kindroid-discord-bot\cogs\commands.py", line 154, in join
    await self._connect_voice_channel(ctx.guild, channel)
  File "C:\Users\Andre Norris\kindroid-discord-bot\cogs\commands.py", line 64, in _connect_voice_channel
    raise last_error or RuntimeError("Voice connection failed")
  File "C:\Users\Andre Norris\kindroid-discord-bot\cogs\commands.py", line 53, in _connect_voice_channel
    return await channel.connect(timeout=timeout, reconnect=True, cls=client_cls)
           ^^^^^^^^^^^^^^^^^^^^^^^^^^^^^^^^^^^^^^^^^^^^^^^^^^^^^^^^^^^^^^^^^^^^^^
  File "C:\Users\Andre Norris\kindroid-discord-bot\.venv\Lib\site-packages\discord\abc.py", line 1992, in connect
    await voice.connect(timeout=timeout, reconnect=reconnect, self_deaf=self_deaf, self_mute=self_mute)
  File "C:\Users\Andre Norris\kindroid-discord-bot\.venv\Lib\site-packages\discord\voice_client.py", line 306, in connect
    await self._connection.connect(
  File "C:\Users\Andre Norris\kindroid-discord-bot\.venv\Lib\site-packages\discord\voice_state.py", line 380, in connect
    await self._connector
  File "C:\Users\Andre Norris\kindroid-discord-bot\.venv\Lib\site-packages\discord\voice_state.py", line 384, in _wrap_connect
    await self._connect(*args)
  File "C:\Users\Andre Norris\kindroid-discord-bot\.venv\Lib\site-packages\discord\voice_state.py", line 429, in _connect
    await asyncio.wait_for(
  File "C:\Users\Andre Norris\AppData\Local\Programs\Python\Python312\Lib\asyncio\tasks.py", line 519, in wait_for
    async with timeouts.timeout(timeout):
               ^^^^^^^^^^^^^^^^^^^^^^^^^
  File "C:\Users\Andre Norris\AppData\Local\Programs\Python\Python312\Lib\asyncio\timeouts.py", line 115, in __aexit__
    raise TimeoutError from exc_val
TimeoutError
2026-07-25 15:05:46,023 - cogs.commands - WARNING - Voice connect attempt 1 failed for guild 1529997509337026791: Already connected to a voice channel.
2026-07-25 15:05:46,023 - discord.voice_state - INFO - The voice handshake is being terminated for Channel ID 1530563400164446358 (Guild ID 1529997509337026791)
2026-07-25 15:05:46,024 - discord.voice_state - INFO - Connecting to voice...
2026-07-25 15:05:46,024 - discord.voice_state - INFO - Starting voice handshake... (connection attempt 1)
2026-07-25 15:05:46,198 - discord.voice_state - INFO - Voice handshake complete. Endpoint found: c-ord02-aba2417c.discord.media
2026-07-25 15:05:46,335 - discord.voice_state - ERROR - Failed to connect to voice... Retrying in 1.0s...
Traceback (most recent call last):
  File "C:\Users\Andre Norris\kindroid-discord-bot\.venv\Lib\site-packages\discord\voice_state.py", line 413, in _inner_connect
    await self._handshake_websocket()
  File "C:\Users\Andre Norris\kindroid-discord-bot\.venv\Lib\site-packages\discord\voice_state.py", line 583, in _handshake_websocket
    await self.ws.poll_event()
  File "C:\Users\Andre Norris\kindroid-discord-bot\.venv\Lib\site-packages\discord\gateway.py", line 1039, in poll_event
    raise ConnectionClosed(self.ws, shard_id=None, code=self._close_code)
discord.errors.ConnectionClosed: Shard ID None WebSocket closed with 4006
2026-07-25 15:05:46,335 - discord.voice_state - INFO - The voice handshake is being terminated for Channel ID 1530563400164446358 (Guild ID 1529997509337026791)
2026-07-25 15:05:47,332 - discord.voice_state - INFO - Starting voice handshake... (connection attempt 2)
2026-07-25 15:05:48,429 - discord.voice_state - INFO - Connecting to voice...
2026-07-25 15:05:48,429 - discord.voice_state - INFO - Starting voice handshake... (connection attempt 1)
2026-07-25 15:06:16,028 - discord.voice_state - INFO - Timed out connecting to voice
2026-07-25 15:06:16,028 - discord.voice_state - INFO - The voice handshake is being terminated for Channel ID 1530563400164446358 (Guild ID 1529997509337026791)
2026-07-25 15:06:16,029 - discord.voice_state - INFO - The voice handshake is being terminated for Channel ID 1530563400164446358 (Guild ID 1529997509337026791)
2026-07-25 15:06:18,433 - discord.voice_state - INFO - Timed out connecting to voice
2026-07-25 15:06:18,433 - discord.voice_state - INFO - The voice handshake is being terminated for Channel ID 1530563400164446358 (Guild ID 1529997509337026791)
2026-07-25 15:06:18,434 - discord.voice_state - INFO - The voice handshake is being terminated for Channel ID 1530563400164446358 (Guild ID 1529997509337026791)
2026-07-25 15:06:46,032 - cogs.commands - WARNING - Voice connect attempt 1 failed for guild 1529997509337026791: 
2026-07-25 15:06:48,037 - discord.voice_state - INFO - Connecting to voice...
2026-07-25 15:06:48,037 - discord.voice_state - INFO - Starting voice handshake... (connection attempt 1)
2026-07-25 15:06:48,207 - discord.voice_state - INFO - Voice handshake complete. Endpoint found: c-ord02-aba2417c.discord.media
2026-07-25 15:06:48,348 - discord.voice_state - ERROR - Failed to connect to voice... Retrying in 1.0s...
Traceback (most recent call last):
  File "C:\Users\Andre Norris\kindroid-discord-bot\.venv\Lib\site-packages\discord\voice_state.py", line 413, in _inner_connect
    await self._handshake_websocket()
  File "C:\Users\Andre Norris\kindroid-discord-bot\.venv\Lib\site-packages\discord\voice_state.py", line 583, in _handshake_websocket
    await self.ws.poll_event()
  File "C:\Users\Andre Norris\kindroid-discord-bot\.venv\Lib\site-packages\discord\gateway.py", line 1039, in poll_event
    raise ConnectionClosed(self.ws, shard_id=None, code=self._close_code)
discord.errors.ConnectionClosed: Shard ID None WebSocket closed with 4006
2026-07-25 15:06:48,349 - discord.voice_state - INFO - The voice handshake is being terminated for Channel ID 1530563400164446358 (Guild ID 1529997509337026791)
2026-07-25 15:06:48,414 - cogs.commands - WARNING - Voice connect attempt 2 failed for guild 1529997509337026791: 
2026-07-25 15:06:49,365 - discord.voice_state - INFO - Starting voice handshake... (connection attempt 2)
2026-07-25 15:06:50,428 - discord.voice_state - INFO - Connecting to voice...
2026-07-25 15:06:50,428 - discord.voice_state - INFO - Starting voice handshake... (connection attempt 1)
2026-07-25 15:07:18,042 - discord.voice_state - INFO - Timed out connecting to voice
2026-07-25 15:07:18,042 - discord.voice_state - INFO - The voice handshake is being terminated for Channel ID 1530563400164446358 (Guild ID 1529997509337026791)
2026-07-25 15:07:18,043 - discord.voice_state - INFO - The voice handshake is being terminated for Channel ID 1530563400164446358 (Guild ID 1529997509337026791)
2026-07-25 15:07:20,442 - discord.voice_state - INFO - Timed out connecting to voice
2026-07-25 15:07:20,442 - discord.voice_state - INFO - The voice handshake is being terminated for Channel ID 1530563400164446358 (Guild ID 1529997509337026791)
2026-07-25 15:07:20,443 - discord.voice_state - INFO - The voice handshake is being terminated for Channel ID 1530563400164446358 (Guild ID 1529997509337026791)
2026-07-25 15:07:48,051 - cogs.commands - WARNING - Voice connect attempt 2 failed for guild 1529997509337026791: 
2026-07-25 15:07:50,064 - discord.voice_state - INFO - Connecting to voice...
2026-07-25 15:07:50,064 - discord.voice_state - INFO - Starting voice handshake... (connection attempt 1)
2026-07-25 15:07:50,235 - discord.voice_state - INFO - Voice handshake complete. Endpoint found: c-ord02-aba2417c.discord.media
2026-07-25 15:07:50,380 - discord.voice_state - ERROR - Failed to connect to voice... Retrying in 1.0s...
Traceback (most recent call last):
  File "C:\Users\Andre Norris\kindroid-discord-bot\.venv\Lib\site-packages\discord\voice_state.py", line 413, in _inner_connect
    await self._handshake_websocket()
  File "C:\Users\Andre Norris\kindroid-discord-bot\.venv\Lib\site-packages\discord\voice_state.py", line 583, in _handshake_websocket
    await self.ws.poll_event()
  File "C:\Users\Andre Norris\kindroid-discord-bot\.venv\Lib\site-packages\discord\gateway.py", line 1039, in poll_event
    raise ConnectionClosed(self.ws, shard_id=None, code=self._close_code)
discord.errors.ConnectionClosed: Shard ID None WebSocket closed with 4006
2026-07-25 15:07:50,380 - discord.voice_state - INFO - The voice handshake is being terminated for Channel ID 1530563400164446358 (Guild ID 1529997509337026791)
2026-07-25 15:07:50,454 - cogs.commands - WARNING - Voice connect attempt 3 failed for guild 1529997509337026791: 
2026-07-25 15:07:51,377 - discord.voice_state - INFO - Starting voice handshake... (connection attempt 2)
2026-07-25 15:07:52,473 - cogs.commands - ERROR - Failed to join voice channel
Traceback (most recent call last):
  File "C:\Users\Andre Norris\AppData\Local\Programs\Python\Python312\Lib\asyncio\tasks.py", line 520, in wait_for
    return await fut
           ^^^^^^^^^
  File "C:\Users\Andre Norris\kindroid-discord-bot\.venv\Lib\site-packages\discord\voice_state.py", line 407, in _inner_connect
    await self._wait_for_state(ConnectionFlowState.got_both_voice_updates)
  File "C:\Users\Andre Norris\kindroid-discord-bot\.venv\Lib\site-packages\discord\voice_state.py", line 559, in _wait_for_state
    await sane_wait_for([self._state_event.wait()], timeout=timeout)
  File "C:\Users\Andre Norris\kindroid-discord-bot\.venv\Lib\site-packages\discord\utils.py", line 735, in sane_wait_for
    done, pending = await asyncio.wait(ensured, timeout=timeout, return_when=asyncio.ALL_COMPLETED)
                    ^^^^^^^^^^^^^^^^^^^^^^^^^^^^^^^^^^^^^^^^^^^^^^^^^^^^^^^^^^^^^^^^^^^^^^^^^^^^^^^
  File "C:\Users\Andre Norris\AppData\Local\Programs\Python\Python312\Lib\asyncio\tasks.py", line 464, in wait
    return await _wait(fs, timeout, return_when, loop)
           ^^^^^^^^^^^^^^^^^^^^^^^^^^^^^^^^^^^^^^^^^^^
  File "C:\Users\Andre Norris\AppData\Local\Programs\Python\Python312\Lib\asyncio\tasks.py", line 550, in _wait
    await waiter
asyncio.exceptions.CancelledError

The above exception was the direct cause of the following exception:

Traceback (most recent call last):
  File "C:\Users\Andre Norris\kindroid-discord-bot\cogs\commands.py", line 154, in join
    await self._connect_voice_channel(ctx.guild, channel)
  File "C:\Users\Andre Norris\kindroid-discord-bot\cogs\commands.py", line 64, in _connect_voice_channel
    raise last_error or RuntimeError("Voice connection failed")
  File "C:\Users\Andre Norris\kindroid-discord-bot\cogs\commands.py", line 53, in _connect_voice_channel
    return await channel.connect(timeout=timeout, reconnect=True, cls=client_cls)
           ^^^^^^^^^^^^^^^^^^^^^^^^^^^^^^^^^^^^^^^^^^^^^^^^^^^^^^^^^^^^^^^^^^^^^^
  File "C:\Users\Andre Norris\kindroid-discord-bot\.venv\Lib\site-packages\discord\abc.py", line 1992, in connect
    await voice.connect(timeout=timeout, reconnect=reconnect, self_deaf=self_deaf, self_mute=self_mute)
  File "C:\Users\Andre Norris\kindroid-discord-bot\.venv\Lib\site-packages\discord\voice_client.py", line 306, in connect
    await self._connection.connect(
  File "C:\Users\Andre Norris\kindroid-discord-bot\.venv\Lib\site-packages\discord\voice_state.py", line 380, in connect
    await self._connector
  File "C:\Users\Andre Norris\kindroid-discord-bot\.venv\Lib\site-packages\discord\voice_state.py", line 384, in _wrap_connect
    await self._connect(*args)
  File "C:\Users\Andre Norris\kindroid-discord-bot\.venv\Lib\site-packages\discord\voice_state.py", line 429, in _connect
    await asyncio.wait_for(
  File "C:\Users\Andre Norris\AppData\Local\Programs\Python\Python312\Lib\asyncio\tasks.py", line 519, in wait_for
    async with timeouts.timeout(timeout):
               ^^^^^^^^^^^^^^^^^^^^^^^^^
  File "C:\Users\Andre Norris\AppData\Local\Programs\Python\Python312\Lib\asyncio\timeouts.py", line 115, in __aexit__
    raise TimeoutError from exc_val
TimeoutError
2026-07-25 15:08:20,065 - discord.voice_state - INFO - Timed out connecting to voice
2026-07-25 15:08:20,065 - discord.voice_state - INFO - The voice handshake is being terminated for Channel ID 1530563400164446358 (Guild ID 1529997509337026791)
2026-07-25 15:08:20,066 - discord.voice_state - INFO - The voice handshake is being terminated for Channel ID 1530563400164446358 (Guild ID 1529997509337026791)
2026-07-25 15:08:44,303 - cogs.commands - WARNING - Voice connect attempt 1 failed for guild 1529997509337026791: Already connected to a voice channel.
2026-07-25 15:08:44,303 - discord.voice_state - INFO - The voice handshake is being terminated for Channel ID 1530563400164446358 (Guild ID 1529997509337026791)
2026-07-25 15:08:44,303 - discord.voice_state - INFO - Connecting to voice...
2026-07-25 15:08:44,303 - discord.voice_state - INFO - Starting voice handshake... (connection attempt 1)
2026-07-25 15:08:44,478 - discord.voice_state - INFO - Voice handshake complete. Endpoint found: c-ord02-aba2417c.discord.media
2026-07-25 15:08:44,633 - discord.voice_state - ERROR - Failed to connect to voice... Retrying in 1.0s...
Traceback (most recent call last):
  File "C:\Users\Andre Norris\kindroid-discord-bot\.venv\Lib\site-packages\discord\voice_state.py", line 413, in _inner_connect
    await self._handshake_websocket()
  File "C:\Users\Andre Norris\kindroid-discord-bot\.venv\Lib\site-packages\discord\voice_state.py", line 583, in _handshake_websocket
    await self.ws.poll_event()
  File "C:\Users\Andre Norris\kindroid-discord-bot\.venv\Lib\site-packages\discord\gateway.py", line 1039, in poll_event
    raise ConnectionClosed(self.ws, shard_id=None, code=self._close_code)
discord.errors.ConnectionClosed: Shard ID None WebSocket closed with 4006
2026-07-25 15:08:44,633 - discord.voice_state - INFO - The voice handshake is being terminated for Channel ID 1530563400164446358 (Guild ID 1529997509337026791)
2026-07-25 15:08:45,633 - discord.voice_state - INFO - Starting voice handshake... (connection attempt 2)
2026-07-25 15:08:46,734 - discord.voice_state - INFO - Connecting to voice...
2026-07-25 15:08:46,734 - discord.voice_state - INFO - Starting voice handshake... (connection attempt 1)
2026-07-25 15:08:50,073 - cogs.commands - WARNING - Voice connect attempt 3 failed for guild 1529997509337026791: 
2026-07-25 15:08:52,067 - cogs.commands - ERROR - Failed to join voice channel
Traceback (most recent call last):
  File "C:\Users\Andre Norris\AppData\Local\Programs\Python\Python312\Lib\asyncio\tasks.py", line 520, in wait_for
    return await fut
           ^^^^^^^^^
  File "C:\Users\Andre Norris\kindroid-discord-bot\.venv\Lib\site-packages\discord\voice_state.py", line 407, in _inner_connect
    await self._wait_for_state(ConnectionFlowState.got_both_voice_updates)
  File "C:\Users\Andre Norris\kindroid-discord-bot\.venv\Lib\site-packages\discord\voice_state.py", line 559, in _wait_for_state
    await sane_wait_for([self._state_event.wait()], timeout=timeout)
  File "C:\Users\Andre Norris\kindroid-discord-bot\.venv\Lib\site-packages\discord\utils.py", line 735, in sane_wait_for
    done, pending = await asyncio.wait(ensured, timeout=timeout, return_when=asyncio.ALL_COMPLETED)
                    ^^^^^^^^^^^^^^^^^^^^^^^^^^^^^^^^^^^^^^^^^^^^^^^^^^^^^^^^^^^^^^^^^^^^^^^^^^^^^^^
  File "C:\Users\Andre Norris\AppData\Local\Programs\Python\Python312\Lib\asyncio\tasks.py", line 464, in wait
    return await _wait(fs, timeout, return_when, loop)
           ^^^^^^^^^^^^^^^^^^^^^^^^^^^^^^^^^^^^^^^^^^^
  File "C:\Users\Andre Norris\AppData\Local\Programs\Python\Python312\Lib\asyncio\tasks.py", line 550, in _wait
    await waiter
asyncio.exceptions.CancelledError

The above exception was the direct cause of the following exception:

Traceback (most recent call last):
  File "C:\Users\Andre Norris\kindroid-discord-bot\cogs\commands.py", line 154, in join
    await self._connect_voice_channel(ctx.guild, channel)
  File "C:\Users\Andre Norris\kindroid-discord-bot\cogs\commands.py", line 64, in _connect_voice_channel
    raise last_error or RuntimeError("Voice connection failed")
  File "C:\Users\Andre Norris\kindroid-discord-bot\cogs\commands.py", line 53, in _connect_voice_channel
    return await channel.connect(timeout=timeout, reconnect=True, cls=client_cls)
           ^^^^^^^^^^^^^^^^^^^^^^^^^^^^^^^^^^^^^^^^^^^^^^^^^^^^^^^^^^^^^^^^^^^^^^
  File "C:\Users\Andre Norris\kindroid-discord-bot\.venv\Lib\site-packages\discord\abc.py", line 1992, in connect
    await voice.connect(timeout=timeout, reconnect=reconnect, self_deaf=self_deaf, self_mute=self_mute)
  File "C:\Users\Andre Norris\kindroid-discord-bot\.venv\Lib\site-packages\discord\voice_client.py", line 306, in connect
    await self._connection.connect(
  File "C:\Users\Andre Norris\kindroid-discord-bot\.venv\Lib\site-packages\discord\voice_state.py", line 380, in connect
    await self._connector
  File "C:\Users\Andre Norris\kindroid-discord-bot\.venv\Lib\site-packages\discord\voice_state.py", line 384, in _wrap_connect
    await self._connect(*args)
  File "C:\Users\Andre Norris\kindroid-discord-bot\.venv\Lib\site-packages\discord\voice_state.py", line 429, in _connect
    await asyncio.wait_for(
  File "C:\Users\Andre Norris\AppData\Local\Programs\Python\Python312\Lib\asyncio\tasks.py", line 519, in wait_for
    async with timeouts.timeout(timeout):
               ^^^^^^^^^^^^^^^^^^^^^^^^^
  File "C:\Users\Andre Norris\AppData\Local\Programs\Python\Python312\Lib\asyncio\timeouts.py", line 115, in __aexit__
    raise TimeoutError from exc_val
TimeoutError
2026-07-25 15:09:14,299 - discord.voice_state - INFO - Timed out connecting to voice
2026-07-25 15:09:14,299 - discord.voice_state - INFO - The voice handshake is being terminated for Channel ID 1530563400164446358 (Guild ID 1529997509337026791)
2026-07-25 15:09:14,299 - discord.voice_state - INFO - The voice handshake is being terminated for Channel ID 1530563400164446358 (Guild ID 1529997509337026791)
2026-07-25 15:09:16,733 - discord.voice_state - INFO - Timed out connecting to voice
2026-07-25 15:09:16,733 - discord.voice_state - INFO - The voice handshake is being terminated for Channel ID 1530563400164446358 (Guild ID 1529997509337026791)
2026-07-25 15:09:16,733 - discord.voice_state - INFO - The voice handshake is being terminated for Channel ID 1530563400164446358 (Guild ID 1529997509337026791)
2026-07-25 15:09:44,303 - cogs.commands - WARNING - Voice connect attempt 1 failed for guild 1529997509337026791: 
2026-07-25 15:09:46,319 - discord.voice_state - INFO - Connecting to voice...
2026-07-25 15:09:46,319 - discord.voice_state - INFO - Starting voice handshake... (connection attempt 1)
2026-07-25 15:09:46,499 - discord.voice_state - INFO - Voice handshake complete. Endpoint found: c-ord02-aba2417c.discord.media
2026-07-25 15:09:46,632 - discord.voice_state - ERROR - Failed to connect to voice... Retrying in 1.0s...
Traceback (most recent call last):
  File "C:\Users\Andre Norris\kindroid-discord-bot\.venv\Lib\site-packages\discord\voice_state.py", line 413, in _inner_connect
    await self._handshake_websocket()
  File "C:\Users\Andre Norris\kindroid-discord-bot\.venv\Lib\site-packages\discord\voice_state.py", line 583, in _handshake_websocket
    await self.ws.poll_event()
  File "C:\Users\Andre Norris\kindroid-discord-bot\.venv\Lib\site-packages\discord\gateway.py", line 1039, in poll_event
    raise ConnectionClosed(self.ws, shard_id=None, code=self._close_code)
discord.errors.ConnectionClosed: Shard ID None WebSocket closed with 4006
2026-07-25 15:09:46,634 - discord.voice_state - INFO - The voice handshake is being terminated for Channel ID 1530563400164446358 (Guild ID 1529997509337026791)
2026-07-25 15:09:46,734 - cogs.commands - WARNING - Voice connect attempt 2 failed for guild 1529997509337026791: 
2026-07-25 15:09:47,629 - discord.voice_state - INFO - Starting voice handshake... (connection attempt 2)
2026-07-25 15:09:48,727 - discord.voice_state - INFO - Connecting to voice...
2026-07-25 15:09:48,727 - discord.voice_state - INFO - Starting voice handshake... (connection attempt 1)
2026-07-25 15:10:16,339 - discord.voice_state - INFO - Timed out connecting to voice
2026-07-25 15:10:16,339 - discord.voice_state - INFO - The voice handshake is being terminated for Channel ID 1530563400164446358 (Guild ID 1529997509337026791)
2026-07-25 15:10:16,339 - discord.voice_state - INFO - The voice handshake is being terminated for Channel ID 1530563400164446358 (Guild ID 1529997509337026791)
2026-07-25 15:10:18,736 - discord.voice_state - INFO - Timed out connecting to voice
2026-07-25 15:10:18,736 - discord.voice_state - INFO - The voice handshake is being terminated for Channel ID 1530563400164446358 (Guild ID 1529997509337026791)
2026-07-25 15:10:18,736 - discord.voice_state - INFO - The voice handshake is being terminated for Channel ID 1530563400164446358 (Guild ID 1529997509337026791)
2026-07-25 15:10:46,347 - cogs.commands - WARNING - Voice connect attempt 2 failed for guild 1529997509337026791: 
2026-07-25 15:10:48,358 - discord.voice_state - INFO - Connecting to voice...
2026-07-25 15:10:48,358 - discord.voice_state - INFO - Starting voice handshake... (connection attempt 1)
2026-07-25 15:10:48,542 - discord.voice_state - INFO - Voice handshake complete. Endpoint found: c-ord02-aba2417c.discord.media
2026-07-25 15:10:48,692 - discord.voice_state - ERROR - Failed to connect to voice... Retrying in 1.0s...
Traceback (most recent call last):
  File "C:\Users\Andre Norris\kindroid-discord-bot\.venv\Lib\site-packages\discord\voice_state.py", line 413, in _inner_connect
    await self._handshake_websocket()
  File "C:\Users\Andre Norris\kindroid-discord-bot\.venv\Lib\site-packages\discord\voice_state.py", line 583, in _handshake_websocket
    await self.ws.poll_event()
  File "C:\Users\Andre Norris\kindroid-discord-bot\.venv\Lib\site-packages\discord\gateway.py", line 1039, in poll_event
    raise ConnectionClosed(self.ws, shard_id=None, code=self._close_code)
discord.errors.ConnectionClosed: Shard ID None WebSocket closed with 4006
2026-07-25 15:10:48,693 - discord.voice_state - INFO - The voice handshake is being terminated for Channel ID 1530563400164446358 (Guild ID 1529997509337026791)
2026-07-25 15:10:48,748 - cogs.commands - WARNING - Voice connect attempt 3 failed for guild 1529997509337026791: 
2026-07-25 15:10:49,700 - discord.voice_state - INFO - Starting voice handshake... (connection attempt 2)
2026-07-25 15:10:50,761 - cogs.commands - ERROR - Failed to join voice channel
Traceback (most recent call last):
  File "C:\Users\Andre Norris\AppData\Local\Programs\Python\Python312\Lib\asyncio\tasks.py", line 520, in wait_for
    return await fut
           ^^^^^^^^^
  File "C:\Users\Andre Norris\kindroid-discord-bot\.venv\Lib\site-packages\discord\voice_state.py", line 407, in _inner_connect
    await self._wait_for_state(ConnectionFlowState.got_both_voice_updates)
  File "C:\Users\Andre Norris\kindroid-discord-bot\.venv\Lib\site-packages\discord\voice_state.py", line 559, in _wait_for_state
    await sane_wait_for([self._state_event.wait()], timeout=timeout)
  File "C:\Users\Andre Norris\kindroid-discord-bot\.venv\Lib\site-packages\discord\utils.py", line 735, in sane_wait_for
    done, pending = await asyncio.wait(ensured, timeout=timeout, return_when=asyncio.ALL_COMPLETED)
                    ^^^^^^^^^^^^^^^^^^^^^^^^^^^^^^^^^^^^^^^^^^^^^^^^^^^^^^^^^^^^^^^^^^^^^^^^^^^^^^^
  File "C:\Users\Andre Norris\AppData\Local\Programs\Python\Python312\Lib\asyncio\tasks.py", line 464, in wait
    return await _wait(fs, timeout, return_when, loop)
           ^^^^^^^^^^^^^^^^^^^^^^^^^^^^^^^^^^^^^^^^^^^
  File "C:\Users\Andre Norris\AppData\Local\Programs\Python\Python312\Lib\asyncio\tasks.py", line 550, in _wait
    await waiter
asyncio.exceptions.CancelledError

The above exception was the direct cause of the following exception:

Traceback (most recent call last):
  File "C:\Users\Andre Norris\kindroid-discord-bot\cogs\commands.py", line 154, in join
    await self._connect_voice_channel(ctx.guild, channel)
  File "C:\Users\Andre Norris\kindroid-discord-bot\cogs\commands.py", line 64, in _connect_voice_channel
    raise last_error or RuntimeError("Voice connection failed")
  File "C:\Users\Andre Norris\kindroid-discord-bot\cogs\commands.py", line 53, in _connect_voice_channel
    return await channel.connect(timeout=timeout, reconnect=True, cls=client_cls)
           ^^^^^^^^^^^^^^^^^^^^^^^^^^^^^^^^^^^^^^^^^^^^^^^^^^^^^^^^^^^^^^^^^^^^^^
  File "C:\Users\Andre Norris\kindroid-discord-bot\.venv\Lib\site-packages\discord\abc.py", line 1992, in connect
    await voice.connect(timeout=timeout, reconnect=reconnect, self_deaf=self_deaf, self_mute=self_mute)
  File "C:\Users\Andre Norris\kindroid-discord-bot\.venv\Lib\site-packages\discord\voice_client.py", line 306, in connect
    await self._connection.connect(
  File "C:\Users\Andre Norris\kindroid-discord-bot\.venv\Lib\site-packages\discord\voice_state.py", line 380, in connect
    await self._connector
  File "C:\Users\Andre Norris\kindroid-discord-bot\.venv\Lib\site-packages\discord\voice_state.py", line 384, in _wrap_connect
    await self._connect(*args)
  File "C:\Users\Andre Norris\kindroid-discord-bot\.venv\Lib\site-packages\discord\voice_state.py", line 429, in _connect
    await asyncio.wait_for(
  File "C:\Users\Andre Norris\AppData\Local\Programs\Python\Python312\Lib\asyncio\tasks.py", line 519, in wait_for
    async with timeouts.timeout(timeout):
               ^^^^^^^^^^^^^^^^^^^^^^^^^
  File "C:\Users\Andre Norris\AppData\Local\Programs\Python\Python312\Lib\asyncio\timeouts.py", line 115, in __aexit__
    raise TimeoutError from exc_val
TimeoutError
2026-07-25 15:10:58,081 - cogs.commands - WARNING - Voice connect attempt 1 failed for guild 1529997509337026791: Already connected to a voice channel.
2026-07-25 15:10:58,081 - discord.voice_state - INFO - The voice handshake is being terminated for Channel ID 1530563400164446358 (Guild ID 1529997509337026791)
2026-07-25 15:10:58,081 - discord.voice_state - INFO - Connecting to voice...
2026-07-25 15:10:58,082 - discord.voice_state - INFO - Starting voice handshake... (connection attempt 1)
2026-07-25 15:10:58,258 - discord.voice_state - INFO - Voice handshake complete. Endpoint found: c-ord02-aba2417c.discord.media
2026-07-25 15:10:58,384 - discord.voice_state - ERROR - Failed to connect to voice... Retrying in 1.0s...
Traceback (most recent call last):
  File "C:\Users\Andre Norris\kindroid-discord-bot\.venv\Lib\site-packages\discord\voice_state.py", line 413, in _inner_connect
    await self._handshake_websocket()
  File "C:\Users\Andre Norris\kindroid-discord-bot\.venv\Lib\site-packages\discord\voice_state.py", line 583, in _handshake_websocket
    await self.ws.poll_event()
  File "C:\Users\Andre Norris\kindroid-discord-bot\.venv\Lib\site-packages\discord\gateway.py", line 1039, in poll_event
    raise ConnectionClosed(self.ws, shard_id=None, code=self._close_code)
discord.errors.ConnectionClosed: Shard ID None WebSocket closed with 4006
2026-07-25 15:10:58,385 - discord.voice_state - INFO - The voice handshake is being terminated for Channel ID 1530563400164446358 (Guild ID 1529997509337026791)
2026-07-25 15:10:59,395 - discord.voice_state - INFO - Starting voice handshake... (connection attempt 2)
2026-07-25 15:11:00,495 - discord.voice_state - INFO - Connecting to voice...
2026-07-25 15:11:00,495 - discord.voice_state - INFO - Starting voice handshake... (connection attempt 1)
2026-07-25 15:11:18,359 - discord.voice_state - INFO - Timed out connecting to voice
2026-07-25 15:11:18,359 - discord.voice_state - INFO - The voice handshake is being terminated for Channel ID 1530563400164446358 (Guild ID 1529997509337026791)
2026-07-25 15:11:18,360 - discord.voice_state - INFO - The voice handshake is being terminated for Channel ID 1530563400164446358 (Guild ID 1529997509337026791)
2026-07-25 15:11:28,084 - discord.voice_state - INFO - Timed out connecting to voice
2026-07-25 15:11:28,084 - discord.voice_state - INFO - The voice handshake is being terminated for Channel ID 1530563400164446358 (Guild ID 1529997509337026791)
2026-07-25 15:11:28,084 - discord.voice_state - INFO - The voice handshake is being terminated for Channel ID 1530563400164446358 (Guild ID 1529997509337026791)
2026-07-25 15:11:30,500 - discord.voice_state - INFO - Timed out connecting to voice
2026-07-25 15:11:30,500 - discord.voice_state - INFO - The voice handshake is being terminated for Channel ID 1530563400164446358 (Guild ID 1529997509337026791)
2026-07-25 15:11:30,500 - discord.voice_state - INFO - The voice handshake is being terminated for Channel ID 1530563400164446358 (Guild ID 1529997509337026791)
2026-07-25 15:11:48,388 - cogs.commands - WARNING - Voice connect attempt 3 failed for guild 1529997509337026791: 
2026-07-25 15:11:50,385 - cogs.commands - ERROR - Failed to join voice channel
Traceback (most recent call last):
  File "C:\Users\Andre Norris\AppData\Local\Programs\Python\Python312\Lib\asyncio\tasks.py", line 520, in wait_for
    return await fut
           ^^^^^^^^^
  File "C:\Users\Andre Norris\kindroid-discord-bot\.venv\Lib\site-packages\discord\voice_state.py", line 407, in _inner_connect
    await self._wait_for_state(ConnectionFlowState.got_both_voice_updates)
  File "C:\Users\Andre Norris\kindroid-discord-bot\.venv\Lib\site-packages\discord\voice_state.py", line 559, in _wait_for_state
    await sane_wait_for([self._state_event.wait()], timeout=timeout)
  File "C:\Users\Andre Norris\kindroid-discord-bot\.venv\Lib\site-packages\discord\utils.py", line 735, in sane_wait_for
    done, pending = await asyncio.wait(ensured, timeout=timeout, return_when=asyncio.ALL_COMPLETED)
                    ^^^^^^^^^^^^^^^^^^^^^^^^^^^^^^^^^^^^^^^^^^^^^^^^^^^^^^^^^^^^^^^^^^^^^^^^^^^^^^^
  File "C:\Users\Andre Norris\AppData\Local\Programs\Python\Python312\Lib\asyncio\tasks.py", line 464, in wait
    return await _wait(fs, timeout, return_when, loop)
           ^^^^^^^^^^^^^^^^^^^^^^^^^^^^^^^^^^^^^^^^^^^
  File "C:\Users\Andre Norris\AppData\Local\Programs\Python\Python312\Lib\asyncio\tasks.py", line 550, in _wait
    await waiter
asyncio.exceptions.CancelledError

The above exception was the direct cause of the following exception:

Traceback (most recent call last):
  File "C:\Users\Andre Norris\kindroid-discord-bot\cogs\commands.py", line 154, in join
    await self._connect_voice_channel(ctx.guild, channel)
  File "C:\Users\Andre Norris\kindroid-discord-bot\cogs\commands.py", line 64, in _connect_voice_channel
    raise last_error or RuntimeError("Voice connection failed")
  File "C:\Users\Andre Norris\kindroid-discord-bot\cogs\commands.py", line 53, in _connect_voice_channel
    return await channel.connect(timeout=timeout, reconnect=True, cls=client_cls)
           ^^^^^^^^^^^^^^^^^^^^^^^^^^^^^^^^^^^^^^^^^^^^^^^^^^^^^^^^^^^^^^^^^^^^^^
  File "C:\Users\Andre Norris\kindroid-discord-bot\.venv\Lib\site-packages\discord\abc.py", line 1992, in connect
    await voice.connect(timeout=timeout, reconnect=reconnect, self_deaf=self_deaf, self_mute=self_mute)
  File "C:\Users\Andre Norris\kindroid-discord-bot\.venv\Lib\site-packages\discord\voice_client.py", line 306, in connect
    await self._connection.connect(
  File "C:\Users\Andre Norris\kindroid-discord-bot\.venv\Lib\site-packages\discord\voice_state.py", line 380, in connect
    await self._connector
  File "C:\Users\Andre Norris\kindroid-discord-bot\.venv\Lib\site-packages\discord\voice_state.py", line 384, in _wrap_connect
    await self._connect(*args)
  File "C:\Users\Andre Norris\kindroid-discord-bot\.venv\Lib\site-packages\discord\voice_state.py", line 429, in _connect
    await asyncio.wait_for(
  File "C:\Users\Andre Norris\AppData\Local\Programs\Python\Python312\Lib\asyncio\tasks.py", line 519, in wait_for
    async with timeouts.timeout(timeout):
               ^^^^^^^^^^^^^^^^^^^^^^^^^
  File "C:\Users\Andre Norris\AppData\Local\Programs\Python\Python312\Lib\asyncio\timeouts.py", line 115, in __aexit__
    raise TimeoutError from exc_val
TimeoutError
2026-07-25 15:11:58,111 - cogs.commands - WARNING - Voice connect attempt 1 failed for guild 1529997509337026791: 
2026-07-25 15:12:00,117 - discord.voice_state - INFO - Connecting to voice...
2026-07-25 15:12:00,117 - discord.voice_state - INFO - Starting voice handshake... (connection attempt 1)
2026-07-25 15:12:00,295 - discord.voice_state - INFO - Voice handshake complete. Endpoint found: c-ord02-aba2417c.discord.media
2026-07-25 15:12:00,433 - discord.voice_state - ERROR - Failed to connect to voice... Retrying in 1.0s...
Traceback (most recent call last):
  File "C:\Users\Andre Norris\kindroid-discord-bot\.venv\Lib\site-packages\discord\voice_state.py", line 413, in _inner_connect
    await self._handshake_websocket()
  File "C:\Users\Andre Norris\kindroid-discord-bot\.venv\Lib\site-packages\discord\voice_state.py", line 583, in _handshake_websocket
    await self.ws.poll_event()
  File "C:\Users\Andre Norris\kindroid-discord-bot\.venv\Lib\site-packages\discord\gateway.py", line 1039, in poll_event
    raise ConnectionClosed(self.ws, shard_id=None, code=self._close_code)
discord.errors.ConnectionClosed: Shard ID None WebSocket closed with 4006
2026-07-25 15:12:00,434 - discord.voice_state - INFO - The voice handshake is being terminated for Channel ID 1530563400164446358 (Guild ID 1529997509337026791)
2026-07-25 15:12:00,520 - cogs.commands - WARNING - Voice connect attempt 2 failed for guild 1529997509337026791: 
2026-07-25 15:12:01,442 - discord.voice_state - INFO - Starting voice handshake... (connection attempt 2)
2026-07-25 15:12:02,524 - discord.voice_state - INFO - Connecting to voice...
2026-07-25 15:12:02,524 - discord.voice_state - INFO - Starting voice handshake... (connection attempt 1)
2026-07-25 15:12:30,135 - discord.voice_state - INFO - Timed out connecting to voice
2026-07-25 15:12:30,135 - discord.voice_state - INFO - The voice handshake is being terminated for Channel ID 1530563400164446358 (Guild ID 1529997509337026791)
2026-07-25 15:12:30,135 - discord.voice_state - INFO - The voice handshake is being terminated for Channel ID 1530563400164446358 (Guild ID 1529997509337026791)
2026-07-25 15:12:32,546 - discord.voice_state - INFO - Timed out connecting to voice
2026-07-25 15:12:32,546 - discord.voice_state - INFO - The voice handshake is being terminated for Channel ID 1530563400164446358 (Guild ID 1529997509337026791)
2026-07-25 15:12:32,546 - discord.voice_state - INFO - The voice handshake is being terminated for Channel ID 1530563400164446358 (Guild ID 1529997509337026791)
2026-07-25 15:13:00,132 - cogs.commands - WARNING - Voice connect attempt 2 failed for guild 1529997509337026791: 
2026-07-25 15:13:02,149 - discord.voice_state - INFO - Connecting to voice...
2026-07-25 15:13:02,149 - discord.voice_state - INFO - Starting voice handshake... (connection attempt 1)
2026-07-25 15:13:02,324 - discord.voice_state - INFO - Voice handshake complete. Endpoint found: c-ord02-aba2417c.discord.media
2026-07-25 15:13:02,441 - discord.voice_state - ERROR - Failed to connect to voice... Retrying in 1.0s...
Traceback (most recent call last):
  File "C:\Users\Andre Norris\kindroid-discord-bot\.venv\Lib\site-packages\discord\voice_state.py", line 413, in _inner_connect
    await self._handshake_websocket()
  File "C:\Users\Andre Norris\kindroid-discord-bot\.venv\Lib\site-packages\discord\voice_state.py", line 583, in _handshake_websocket
    await self.ws.poll_event()
  File "C:\Users\Andre Norris\kindroid-discord-bot\.venv\Lib\site-packages\discord\gateway.py", line 1039, in poll_event
    raise ConnectionClosed(self.ws, shard_id=None, code=self._close_code)
discord.errors.ConnectionClosed: Shard ID None WebSocket closed with 4006
2026-07-25 15:13:02,442 - discord.voice_state - INFO - The voice handshake is being terminated for Channel ID 1530563400164446358 (Guild ID 1529997509337026791)
2026-07-25 15:13:02,553 - cogs.commands - WARNING - Voice connect attempt 3 failed for guild 1529997509337026791: 
2026-07-25 15:13:03,444 - discord.voice_state - INFO - Starting voice handshake... (connection attempt 2)
2026-07-25 15:13:04,568 - cogs.commands - ERROR - Failed to join voice channel
Traceback (most recent call last):
  File "C:\Users\Andre Norris\AppData\Local\Programs\Python\Python312\Lib\asyncio\tasks.py", line 520, in wait_for
    return await fut
           ^^^^^^^^^
  File "C:\Users\Andre Norris\kindroid-discord-bot\.venv\Lib\site-packages\discord\voice_state.py", line 407, in _inner_connect
    await self._wait_for_state(ConnectionFlowState.got_both_voice_updates)
  File "C:\Users\Andre Norris\kindroid-discord-bot\.venv\Lib\site-packages\discord\voice_state.py", line 559, in _wait_for_state
    await sane_wait_for([self._state_event.wait()], timeout=timeout)
  File "C:\Users\Andre Norris\kindroid-discord-bot\.venv\Lib\site-packages\discord\utils.py", line 735, in sane_wait_for
    done, pending = await asyncio.wait(ensured, timeout=timeout, return_when=asyncio.ALL_COMPLETED)
                    ^^^^^^^^^^^^^^^^^^^^^^^^^^^^^^^^^^^^^^^^^^^^^^^^^^^^^^^^^^^^^^^^^^^^^^^^^^^^^^^
  File "C:\Users\Andre Norris\AppData\Local\Programs\Python\Python312\Lib\asyncio\tasks.py", line 464, in wait
    return await _wait(fs, timeout, return_when, loop)
           ^^^^^^^^^^^^^^^^^^^^^^^^^^^^^^^^^^^^^^^^^^^
  File "C:\Users\Andre Norris\AppData\Local\Programs\Python\Python312\Lib\asyncio\tasks.py", line 550, in _wait
    await waiter
asyncio.exceptions.CancelledError

The above exception was the direct cause of the following exception:

Traceback (most recent call last):
  File "C:\Users\Andre Norris\kindroid-discord-bot\cogs\commands.py", line 154, in join
    await self._connect_voice_channel(ctx.guild, channel)
  File "C:\Users\Andre Norris\kindroid-discord-bot\cogs\commands.py", line 64, in _connect_voice_channel
    raise last_error or RuntimeError("Voice connection failed")
  File "C:\Users\Andre Norris\kindroid-discord-bot\cogs\commands.py", line 53, in _connect_voice_channel
    return await channel.connect(timeout=timeout, reconnect=True, cls=client_cls)
           ^^^^^^^^^^^^^^^^^^^^^^^^^^^^^^^^^^^^^^^^^^^^^^^^^^^^^^^^^^^^^^^^^^^^^^
  File "C:\Users\Andre Norris\kindroid-discord-bot\.venv\Lib\site-packages\discord\abc.py", line 1992, in connect
    await voice.connect(timeout=timeout, reconnect=reconnect, self_deaf=self_deaf, self_mute=self_mute)
  File "C:\Users\Andre Norris\kindroid-discord-bot\.venv\Lib\site-packages\discord\voice_client.py", line 306, in connect
    await self._connection.connect(
  File "C:\Users\Andre Norris\kindroid-discord-bot\.venv\Lib\site-packages\discord\voice_state.py", line 380, in connect
    await self._connector
  File "C:\Users\Andre Norris\kindroid-discord-bot\.venv\Lib\site-packages\discord\voice_state.py", line 384, in _wrap_connect
    await self._connect(*args)
  File "C:\Users\Andre Norris\kindroid-discord-bot\.venv\Lib\site-packages\discord\voice_state.py", line 429, in _connect
    await asyncio.wait_for(
  File "C:\Users\Andre Norris\AppData\Local\Programs\Python\Python312\Lib\asyncio\tasks.py", line 519, in wait_for
    async with timeouts.timeout(timeout):
               ^^^^^^^^^^^^^^^^^^^^^^^^^
  File "C:\Users\Andre Norris\AppData\Local\Programs\Python\Python312\Lib\asyncio\timeouts.py", line 115, in __aexit__
    raise TimeoutError from exc_val
TimeoutError
2026-07-25 15:13:32,149 - discord.voice_state - INFO - Timed out connecting to voice
2026-07-25 15:13:32,149 - discord.voice_state - INFO - The voice handshake is being terminated for Channel ID 1530563400164446358 (Guild ID 1529997509337026791)
2026-07-25 15:13:32,149 - discord.voice_state - INFO - The voice handshake is being terminated for Channel ID 1530563400164446358 (Guild ID 1529997509337026791)
2026-07-25 15:14:02,155 - cogs.commands - WARNING - Voice connect attempt 3 failed for guild 1529997509337026791: 
2026-07-25 15:14:04,171 - cogs.commands - ERROR - Failed to join voice channel
Traceback (most recent call last):
  File "C:\Users\Andre Norris\AppData\Local\Programs\Python\Python312\Lib\asyncio\tasks.py", line 520, in wait_for
    return await fut
           ^^^^^^^^^
  File "C:\Users\Andre Norris\kindroid-discord-bot\.venv\Lib\site-packages\discord\voice_state.py", line 407, in _inner_connect
    await self._wait_for_state(ConnectionFlowState.got_both_voice_updates)
  File "C:\Users\Andre Norris\kindroid-discord-bot\.venv\Lib\site-packages\discord\voice_state.py", line 559, in _wait_for_state
    await sane_wait_for([self._state_event.wait()], timeout=timeout)
  File "C:\Users\Andre Norris\kindroid-discord-bot\.venv\Lib\site-packages\discord\utils.py", line 735, in sane_wait_for
    done, pending = await asyncio.wait(ensured, timeout=timeout, return_when=asyncio.ALL_COMPLETED)
                    ^^^^^^^^^^^^^^^^^^^^^^^^^^^^^^^^^^^^^^^^^^^^^^^^^^^^^^^^^^^^^^^^^^^^^^^^^^^^^^^
  File "C:\Users\Andre Norris\AppData\Local\Programs\Python\Python312\Lib\asyncio\tasks.py", line 464, in wait
    return await _wait(fs, timeout, return_when, loop)
           ^^^^^^^^^^^^^^^^^^^^^^^^^^^^^^^^^^^^^^^^^^^
  File "C:\Users\Andre Norris\AppData\Local\Programs\Python\Python312\Lib\asyncio\tasks.py", line 550, in _wait
    await waiter
asyncio.exceptions.CancelledError

The above exception was the direct cause of the following exception:

Traceback (most recent call last):
  File "C:\Users\Andre Norris\kindroid-discord-bot\cogs\commands.py", line 154, in join
    await self._connect_voice_channel(ctx.guild, channel)
  File "C:\Users\Andre Norris\kindroid-discord-bot\cogs\commands.py", line 64, in _connect_voice_channel
    raise last_error or RuntimeError("Voice connection failed")
  File "C:\Users\Andre Norris\kindroid-discord-bot\cogs\commands.py", line 53, in _connect_voice_channel
    return await channel.connect(timeout=timeout, reconnect=True, cls=client_cls)
           ^^^^^^^^^^^^^^^^^^^^^^^^^^^^^^^^^^^^^^^^^^^^^^^^^^^^^^^^^^^^^^^^^^^^^^
  File "C:\Users\Andre Norris\kindroid-discord-bot\.venv\Lib\site-packages\discord\abc.py", line 1992, in connect
    await voice.connect(timeout=timeout, reconnect=reconnect, self_deaf=self_deaf, self_mute=self_mute)
  File "C:\Users\Andre Norris\kindroid-discord-bot\.venv\Lib\site-packages\discord\voice_client.py", line 306, in connect
    await self._connection.connect(
  File "C:\Users\Andre Norris\kindroid-discord-bot\.venv\Lib\site-packages\discord\voice_state.py", line 380, in connect
    await self._connector
  File "C:\Users\Andre Norris\kindroid-discord-bot\.venv\Lib\site-packages\discord\voice_state.py", line 384, in _wrap_connect
    await self._connect(*args)
  File "C:\Users\Andre Norris\kindroid-discord-bot\.venv\Lib\site-packages\discord\voice_state.py", line 429, in _connect
    await asyncio.wait_for(
  File "C:\Users\Andre Norris\AppData\Local\Programs\Python\Python312\Lib\asyncio\tasks.py", line 519, in wait_for
    async with timeouts.timeout(timeout):
               ^^^^^^^^^^^^^^^^^^^^^^^^^
  File "C:\Users\Andre Norris\AppData\Local\Programs\Python\Python312\Lib\asyncio\timeouts.py", line 115, in __aexit__
    raise TimeoutError from exc_val
TimeoutError
2026-07-25 15:20:06,373 - cogs.commands - WARNING - Voice connect attempt 1 failed for guild 1529997509337026791: Already connected to a voice channel.
2026-07-25 15:20:06,373 - discord.voice_state - INFO - The voice handshake is being terminated for Channel ID 1530563400164446358 (Guild ID 1529997509337026791)
2026-07-25 15:20:06,374 - discord.voice_state - INFO - Connecting to voice...
2026-07-25 15:20:06,374 - discord.voice_state - INFO - Starting voice handshake... (connection attempt 1)
2026-07-25 15:20:06,599 - discord.voice_state - INFO - Voice handshake complete. Endpoint found: c-ord02-aba2417c.discord.media
2026-07-25 15:20:06,757 - discord.voice_state - ERROR - Failed to connect to voice... Retrying in 1.0s...
Traceback (most recent call last):
  File "C:\Users\Andre Norris\kindroid-discord-bot\.venv\Lib\site-packages\discord\voice_state.py", line 413, in _inner_connect
    await self._handshake_websocket()
  File "C:\Users\Andre Norris\kindroid-discord-bot\.venv\Lib\site-packages\discord\voice_state.py", line 583, in _handshake_websocket
    await self.ws.poll_event()
  File "C:\Users\Andre Norris\kindroid-discord-bot\.venv\Lib\site-packages\discord\gateway.py", line 1039, in poll_event
    raise ConnectionClosed(self.ws, shard_id=None, code=self._close_code)
discord.errors.ConnectionClosed: Shard ID None WebSocket closed with 4006
2026-07-25 15:20:06,758 - discord.voice_state - INFO - The voice handshake is being terminated for Channel ID 1530563400164446358 (Guild ID 1529997509337026791)
2026-07-25 15:20:07,762 - discord.voice_state - INFO - Starting voice handshake... (connection attempt 2)
2026-07-25 15:20:08,907 - discord.voice_state - INFO - Connecting to voice...
2026-07-25 15:20:08,907 - discord.voice_state - INFO - Starting voice handshake... (connection attempt 1)
2026-07-25 15:20:36,371 - discord.voice_state - INFO - Timed out connecting to voice
2026-07-25 15:20:36,371 - discord.voice_state - INFO - The voice handshake is being terminated for Channel ID 1530563400164446358 (Guild ID 1529997509337026791)
2026-07-25 15:20:36,371 - discord.voice_state - INFO - The voice handshake is being terminated for Channel ID 1530563400164446358 (Guild ID 1529997509337026791)
2026-07-25 15:20:38,935 - discord.voice_state - INFO - Timed out connecting to voice
2026-07-25 15:20:38,935 - discord.voice_state - INFO - The voice handshake is being terminated for Channel ID 1530563400164446358 (Guild ID 1529997509337026791)
2026-07-25 15:20:38,935 - discord.voice_state - INFO - The voice handshake is being terminated for Channel ID 1530563400164446358 (Guild ID 1529997509337026791)
2026-07-25 15:21:06,370 - cogs.commands - WARNING - Voice connect attempt 1 failed for guild 1529997509337026791: 
2026-07-25 15:21:08,384 - discord.voice_state - INFO - Connecting to voice...
2026-07-25 15:21:08,384 - discord.voice_state - INFO - Starting voice handshake... (connection attempt 1)
2026-07-25 15:21:08,554 - discord.voice_state - INFO - Voice handshake complete. Endpoint found: c-ord02-aba2417c.discord.media
2026-07-25 15:21:08,680 - discord.voice_state - ERROR - Failed to connect to voice... Retrying in 1.0s...
Traceback (most recent call last):
  File "C:\Users\Andre Norris\kindroid-discord-bot\.venv\Lib\site-packages\discord\voice_state.py", line 413, in _inner_connect
    await self._handshake_websocket()
  File "C:\Users\Andre Norris\kindroid-discord-bot\.venv\Lib\site-packages\discord\voice_state.py", line 583, in _handshake_websocket
    await self.ws.poll_event()
  File "C:\Users\Andre Norris\kindroid-discord-bot\.venv\Lib\site-packages\discord\gateway.py", line 1039, in poll_event
    raise ConnectionClosed(self.ws, shard_id=None, code=self._close_code)
discord.errors.ConnectionClosed: Shard ID None WebSocket closed with 4006
2026-07-25 15:21:08,681 - discord.voice_state - INFO - The voice handshake is being terminated for Channel ID 1530563400164446358 (Guild ID 1529997509337026791)
2026-07-25 15:21:08,942 - cogs.commands - WARNING - Voice connect attempt 2 failed for guild 1529997509337026791: 
2026-07-25 15:21:09,679 - discord.voice_state - INFO - Starting voice handshake... (connection attempt 2)
2026-07-25 15:21:10,943 - discord.voice_state - INFO - Connecting to voice...
2026-07-25 15:21:10,943 - discord.voice_state - INFO - Starting voice handshake... (connection attempt 1)
2026-07-25 15:21:38,389 - discord.voice_state - INFO - Timed out connecting to voice
2026-07-25 15:21:38,389 - discord.voice_state - INFO - The voice handshake is being terminated for Channel ID 1530563400164446358 (Guild ID 1529997509337026791)
2026-07-25 15:21:38,390 - discord.voice_state - INFO - The voice handshake is being terminated for Channel ID 1530563400164446358 (Guild ID 1529997509337026791)
2026-07-25 15:21:40,957 - discord.voice_state - INFO - Timed out connecting to voice
2026-07-25 15:21:40,957 - discord.voice_state - INFO - The voice handshake is being terminated for Channel ID 1530563400164446358 (Guild ID 1529997509337026791)
2026-07-25 15:21:40,957 - discord.voice_state - INFO - The voice handshake is being terminated for Channel ID 1530563400164446358 (Guild ID 1529997509337026791)
2026-07-25 15:22:08,384 - cogs.commands - WARNING - Voice connect attempt 2 failed for guild 1529997509337026791: 
2026-07-25 15:22:10,405 - discord.voice_state - INFO - Connecting to voice...
2026-07-25 15:22:10,405 - discord.voice_state - INFO - Starting voice handshake... (connection attempt 1)
2026-07-25 15:22:10,601 - discord.voice_state - INFO - Voice handshake complete. Endpoint found: c-ord02-aba2417c.discord.media
2026-07-25 15:22:10,742 - discord.voice_state - ERROR - Failed to connect to voice... Retrying in 1.0s...
Traceback (most recent call last):
  File "C:\Users\Andre Norris\kindroid-discord-bot\.venv\Lib\site-packages\discord\voice_state.py", line 413, in _inner_connect
    await self._handshake_websocket()
  File "C:\Users\Andre Norris\kindroid-discord-bot\.venv\Lib\site-packages\discord\voice_state.py", line 583, in _handshake_websocket
    await self.ws.poll_event()
  File "C:\Users\Andre Norris\kindroid-discord-bot\.venv\Lib\site-packages\discord\gateway.py", line 1039, in poll_event
    raise ConnectionClosed(self.ws, shard_id=None, code=self._close_code)
discord.errors.ConnectionClosed: Shard ID None WebSocket closed with 4006
2026-07-25 15:22:10,743 - discord.voice_state - INFO - The voice handshake is being terminated for Channel ID 1530563400164446358 (Guild ID 1529997509337026791)
2026-07-25 15:22:10,978 - cogs.commands - WARNING - Voice connect attempt 3 failed for guild 1529997509337026791: 
2026-07-25 15:22:11,761 - discord.voice_state - INFO - Starting voice handshake... (connection attempt 2)
2026-07-25 15:22:12,982 - cogs.commands - ERROR - Failed to join voice channel
Traceback (most recent call last):
  File "C:\Users\Andre Norris\AppData\Local\Programs\Python\Python312\Lib\asyncio\tasks.py", line 520, in wait_for
    return await fut
           ^^^^^^^^^
  File "C:\Users\Andre Norris\kindroid-discord-bot\.venv\Lib\site-packages\discord\voice_state.py", line 407, in _inner_connect
    await self._wait_for_state(ConnectionFlowState.got_both_voice_updates)
  File "C:\Users\Andre Norris\kindroid-discord-bot\.venv\Lib\site-packages\discord\voice_state.py", line 559, in _wait_for_state
    await sane_wait_for([self._state_event.wait()], timeout=timeout)
  File "C:\Users\Andre Norris\kindroid-discord-bot\.venv\Lib\site-packages\discord\utils.py", line 735, in sane_wait_for
    done, pending = await asyncio.wait(ensured, timeout=timeout, return_when=asyncio.ALL_COMPLETED)
                    ^^^^^^^^^^^^^^^^^^^^^^^^^^^^^^^^^^^^^^^^^^^^^^^^^^^^^^^^^^^^^^^^^^^^^^^^^^^^^^^
  File "C:\Users\Andre Norris\AppData\Local\Programs\Python\Python312\Lib\asyncio\tasks.py", line 464, in wait
    return await _wait(fs, timeout, return_when, loop)
           ^^^^^^^^^^^^^^^^^^^^^^^^^^^^^^^^^^^^^^^^^^^
  File "C:\Users\Andre Norris\AppData\Local\Programs\Python\Python312\Lib\asyncio\tasks.py", line 550, in _wait
    await waiter
asyncio.exceptions.CancelledError

The above exception was the direct cause of the following exception:

Traceback (most recent call last):
  File "C:\Users\Andre Norris\kindroid-discord-bot\cogs\commands.py", line 154, in join
    await self._connect_voice_channel(ctx.guild, channel)
  File "C:\Users\Andre Norris\kindroid-discord-bot\cogs\commands.py", line 64, in _connect_voice_channel
    raise last_error or RuntimeError("Voice connection failed")
  File "C:\Users\Andre Norris\kindroid-discord-bot\cogs\commands.py", line 53, in _connect_voice_channel
    return await channel.connect(timeout=timeout, reconnect=True, cls=client_cls)
           ^^^^^^^^^^^^^^^^^^^^^^^^^^^^^^^^^^^^^^^^^^^^^^^^^^^^^^^^^^^^^^^^^^^^^^
  File "C:\Users\Andre Norris\kindroid-discord-bot\.venv\Lib\site-packages\discord\abc.py", line 1992, in connect
    await voice.connect(timeout=timeout, reconnect=reconnect, self_deaf=self_deaf, self_mute=self_mute)
  File "C:\Users\Andre Norris\kindroid-discord-bot\.venv\Lib\site-packages\discord\voice_client.py", line 306, in connect
    await self._connection.connect(
  File "C:\Users\Andre Norris\kindroid-discord-bot\.venv\Lib\site-packages\discord\voice_state.py", line 380, in connect
    await self._connector
  File "C:\Users\Andre Norris\kindroid-discord-bot\.venv\Lib\site-packages\discord\voice_state.py", line 384, in _wrap_connect
    await self._connect(*args)
  File "C:\Users\Andre Norris\kindroid-discord-bot\.venv\Lib\site-packages\discord\voice_state.py", line 429, in _connect
    await asyncio.wait_for(
  File "C:\Users\Andre Norris\AppData\Local\Programs\Python\Python312\Lib\asyncio\tasks.py", line 519, in wait_for
    async with timeouts.timeout(timeout):
               ^^^^^^^^^^^^^^^^^^^^^^^^^
  File "C:\Users\Andre Norris\AppData\Local\Programs\Python\Python312\Lib\asyncio\timeouts.py", line 115, in __aexit__
    raise TimeoutError from exc_val
TimeoutError
2026-07-25 15:22:40,420 - discord.voice_state - INFO - Timed out connecting to voice
2026-07-25 15:22:40,420 - discord.voice_state - INFO - The voice handshake is being terminated for Channel ID 1530563400164446358 (Guild ID 1529997509337026791)
2026-07-25 15:22:40,420 - discord.voice_state - INFO - The voice handshake is being terminated for Channel ID 1530563400164446358 (Guild ID 1529997509337026791)
2026-07-25 15:23:10,421 - cogs.commands - WARNING - Voice connect attempt 3 failed for guild 1529997509337026791: 
2026-07-25 15:23:12,422 - cogs.commands - ERROR - Failed to join voice channel
Traceback (most recent call last):
  File "C:\Users\Andre Norris\AppData\Local\Programs\Python\Python312\Lib\asyncio\tasks.py", line 520, in wait_for
    return await fut
           ^^^^^^^^^
  File "C:\Users\Andre Norris\kindroid-discord-bot\.venv\Lib\site-packages\discord\voice_state.py", line 407, in _inner_connect
    await self._wait_for_state(ConnectionFlowState.got_both_voice_updates)
  File "C:\Users\Andre Norris\kindroid-discord-bot\.venv\Lib\site-packages\discord\voice_state.py", line 559, in _wait_for_state
    await sane_wait_for([self._state_event.wait()], timeout=timeout)
  File "C:\Users\Andre Norris\kindroid-discord-bot\.venv\Lib\site-packages\discord\utils.py", line 735, in sane_wait_for
    done, pending = await asyncio.wait(ensured, timeout=timeout, return_when=asyncio.ALL_COMPLETED)
                    ^^^^^^^^^^^^^^^^^^^^^^^^^^^^^^^^^^^^^^^^^^^^^^^^^^^^^^^^^^^^^^^^^^^^^^^^^^^^^^^
  File "C:\Users\Andre Norris\AppData\Local\Programs\Python\Python312\Lib\asyncio\tasks.py", line 464, in wait
    return await _wait(fs, timeout, return_when, loop)
           ^^^^^^^^^^^^^^^^^^^^^^^^^^^^^^^^^^^^^^^^^^^
  File "C:\Users\Andre Norris\AppData\Local\Programs\Python\Python312\Lib\asyncio\tasks.py", line 550, in _wait
    await waiter
asyncio.exceptions.CancelledError

The above exception was the direct cause of the following exception:

Traceback (most recent call last):
  File "C:\Users\Andre Norris\kindroid-discord-bot\cogs\commands.py", line 154, in join
    await self._connect_voice_channel(ctx.guild, channel)
  File "C:\Users\Andre Norris\kindroid-discord-bot\cogs\commands.py", line 64, in _connect_voice_channel
    raise last_error or RuntimeError("Voice connection failed")
  File "C:\Users\Andre Norris\kindroid-discord-bot\cogs\commands.py", line 53, in _connect_voice_channel
    return await channel.connect(timeout=timeout, reconnect=True, cls=client_cls)
           ^^^^^^^^^^^^^^^^^^^^^^^^^^^^^^^^^^^^^^^^^^^^^^^^^^^^^^^^^^^^^^^^^^^^^^
  File "C:\Users\Andre Norris\kindroid-discord-bot\.venv\Lib\site-packages\discord\abc.py", line 1992, in connect
    await voice.connect(timeout=timeout, reconnect=reconnect, self_deaf=self_deaf, self_mute=self_mute)
  File "C:\Users\Andre Norris\kindroid-discord-bot\.venv\Lib\site-packages\discord\voice_client.py", line 306, in connect
    await self._connection.connect(
  File "C:\Users\Andre Norris\kindroid-discord-bot\.venv\Lib\site-packages\discord\voice_state.py", line 380, in connect
    await self._connector
  File "C:\Users\Andre Norris\kindroid-discord-bot\.venv\Lib\site-packages\discord\voice_state.py", line 384, in _wrap_connect
    await self._connect(*args)
  File "C:\Users\Andre Norris\kindroid-discord-bot\.venv\Lib\site-packages\discord\voice_state.py", line 429, in _connect
    await asyncio.wait_for(
  File "C:\Users\Andre Norris\AppData\Local\Programs\Python\Python312\Lib\asyncio\tasks.py", line 519, in wait_for
    async with timeouts.timeout(timeout):
               ^^^^^^^^^^^^^^^^^^^^^^^^^
  File "C:\Users\Andre Norris\AppData\Local\Programs\Python\Python312\Lib\asyncio\timeouts.py", line 115, in __aexit__
    raise TimeoutError from exc_val
TimeoutError
2026-07-25 15:40:12,185 - cogs.commands - WARNING - Voice connect attempt 1 failed for guild 1529997509337026791: Already connected to a voice channel.
2026-07-25 15:40:12,185 - discord.voice_state - INFO - The voice handshake is being terminated for Channel ID 1530563400164446358 (Guild ID 1529997509337026791)
2026-07-25 15:40:12,185 - discord.voice_state - INFO - Connecting to voice...
2026-07-25 15:40:12,187 - discord.voice_state - INFO - Starting voice handshake... (connection attempt 1)
2026-07-25 15:40:12,446 - discord.voice_state - INFO - Voice handshake complete. Endpoint found: c-ord02-aba2417c.discord.media
2026-07-25 15:40:12,608 - discord.voice_state - ERROR - Failed to connect to voice... Retrying in 1.0s...
Traceback (most recent call last):
  File "C:\Users\Andre Norris\kindroid-discord-bot\.venv\Lib\site-packages\discord\voice_state.py", line 413, in _inner_connect
    await self._handshake_websocket()
  File "C:\Users\Andre Norris\kindroid-discord-bot\.venv\Lib\site-packages\discord\voice_state.py", line 583, in _handshake_websocket
    await self.ws.poll_event()
  File "C:\Users\Andre Norris\kindroid-discord-bot\.venv\Lib\site-packages\discord\gateway.py", line 1039, in poll_event
    raise ConnectionClosed(self.ws, shard_id=None, code=self._close_code)
discord.errors.ConnectionClosed: Shard ID None WebSocket closed with 4006
2026-07-25 15:40:12,609 - discord.voice_state - INFO - The voice handshake is being terminated for Channel ID 1530563400164446358 (Guild ID 1529997509337026791)
2026-07-25 15:40:13,613 - discord.voice_state - INFO - Starting voice handshake... (connection attempt 2)
2026-07-25 15:40:14,726 - discord.voice_state - INFO - Connecting to voice...
2026-07-25 15:40:14,726 - discord.voice_state - INFO - Starting voice handshake... (connection attempt 1)
2026-07-25 15:40:42,196 - discord.voice_state - INFO - Timed out connecting to voice
2026-07-25 15:40:42,196 - discord.voice_state - INFO - The voice handshake is being terminated for Channel ID 1530563400164446358 (Guild ID 1529997509337026791)
2026-07-25 15:40:42,196 - discord.voice_state - INFO - The voice handshake is being terminated for Channel ID 1530563400164446358 (Guild ID 1529997509337026791)
2026-07-25 15:40:44,723 - discord.voice_state - INFO - Timed out connecting to voice
2026-07-25 15:40:44,723 - discord.voice_state - INFO - The voice handshake is being terminated for Channel ID 1530563400164446358 (Guild ID 1529997509337026791)
2026-07-25 15:40:44,723 - discord.voice_state - INFO - The voice handshake is being terminated for Channel ID 1530563400164446358 (Guild ID 1529997509337026791)
2026-07-25 15:41:12,217 - cogs.commands - WARNING - Voice connect attempt 1 failed for guild 1529997509337026791: 
2026-07-25 15:41:14,211 - discord.voice_state - INFO - Connecting to voice...
2026-07-25 15:41:14,212 - discord.voice_state - INFO - Starting voice handshake... (connection attempt 1)
2026-07-25 15:41:14,384 - discord.voice_state - INFO - Voice handshake complete. Endpoint found: c-ord02-aba2417c.discord.media
2026-07-25 15:41:14,519 - discord.voice_state - ERROR - Failed to connect to voice... Retrying in 1.0s...
Traceback (most recent call last):
  File "C:\Users\Andre Norris\kindroid-discord-bot\.venv\Lib\site-packages\discord\voice_state.py", line 413, in _inner_connect
    await self._handshake_websocket()
  File "C:\Users\Andre Norris\kindroid-discord-bot\.venv\Lib\site-packages\discord\voice_state.py", line 583, in _handshake_websocket
    await self.ws.poll_event()
  File "C:\Users\Andre Norris\kindroid-discord-bot\.venv\Lib\site-packages\discord\gateway.py", line 1039, in poll_event
    raise ConnectionClosed(self.ws, shard_id=None, code=self._close_code)
discord.errors.ConnectionClosed: Shard ID None WebSocket closed with 4006
2026-07-25 15:41:14,521 - discord.voice_state - INFO - The voice handshake is being terminated for Channel ID 1530563400164446358 (Guild ID 1529997509337026791)
2026-07-25 15:41:14,743 - cogs.commands - WARNING - Voice connect attempt 2 failed for guild 1529997509337026791: 
2026-07-25 15:41:15,529 - discord.voice_state - INFO - Starting voice handshake... (connection attempt 2)
2026-07-25 15:41:16,753 - discord.voice_state - INFO - Connecting to voice...
2026-07-25 15:41:16,753 - discord.voice_state - INFO - Starting voice handshake... (connection attempt 1)
2026-07-25 15:41:44,209 - discord.voice_state - INFO - Timed out connecting to voice
2026-07-25 15:41:44,209 - discord.voice_state - INFO - The voice handshake is being terminated for Channel ID 1530563400164446358 (Guild ID 1529997509337026791)
2026-07-25 15:41:44,209 - discord.voice_state - INFO - The voice handshake is being terminated for Channel ID 1530563400164446358 (Guild ID 1529997509337026791)
2026-07-25 15:41:46,775 - discord.voice_state - INFO - Timed out connecting to voice
2026-07-25 15:41:46,775 - discord.voice_state - INFO - The voice handshake is being terminated for Channel ID 1530563400164446358 (Guild ID 1529997509337026791)
2026-07-25 15:41:46,775 - discord.voice_state - INFO - The voice handshake is being terminated for Channel ID 1530563400164446358 (Guild ID 1529997509337026791)
2026-07-25 15:42:14,212 - cogs.commands - WARNING - Voice connect attempt 2 failed for guild 1529997509337026791: 
2026-07-25 15:42:16,230 - discord.voice_state - INFO - Connecting to voice...
2026-07-25 15:42:16,230 - discord.voice_state - INFO - Starting voice handshake... (connection attempt 1)
2026-07-25 15:42:16,402 - discord.voice_state - INFO - Voice handshake complete. Endpoint found: c-ord02-aba2417c.discord.media
2026-07-25 15:42:16,532 - discord.voice_state - ERROR - Failed to connect to voice... Retrying in 1.0s...
Traceback (most recent call last):
  File "C:\Users\Andre Norris\kindroid-discord-bot\.venv\Lib\site-packages\discord\voice_state.py", line 413, in _inner_connect
    await self._handshake_websocket()
  File "C:\Users\Andre Norris\kindroid-discord-bot\.venv\Lib\site-packages\discord\voice_state.py", line 583, in _handshake_websocket
    await self.ws.poll_event()
  File "C:\Users\Andre Norris\kindroid-discord-bot\.venv\Lib\site-packages\discord\gateway.py", line 1039, in poll_event
    raise ConnectionClosed(self.ws, shard_id=None, code=self._close_code)
discord.errors.ConnectionClosed: Shard ID None WebSocket closed with 4006
2026-07-25 15:42:16,533 - discord.voice_state - INFO - The voice handshake is being terminated for Channel ID 1530563400164446358 (Guild ID 1529997509337026791)
2026-07-25 15:42:16,778 - cogs.commands - WARNING - Voice connect attempt 3 failed for guild 1529997509337026791: 
2026-07-25 15:42:17,543 - discord.voice_state - INFO - Starting voice handshake... (connection attempt 2)
2026-07-25 15:42:18,780 - cogs.commands - ERROR - Failed to join voice channel
Traceback (most recent call last):
  File "C:\Users\Andre Norris\AppData\Local\Programs\Python\Python312\Lib\asyncio\tasks.py", line 520, in wait_for
    return await fut
           ^^^^^^^^^
  File "C:\Users\Andre Norris\kindroid-discord-bot\.venv\Lib\site-packages\discord\voice_state.py", line 407, in _inner_connect
    await self._wait_for_state(ConnectionFlowState.got_both_voice_updates)
  File "C:\Users\Andre Norris\kindroid-discord-bot\.venv\Lib\site-packages\discord\voice_state.py", line 559, in _wait_for_state
    await sane_wait_for([self._state_event.wait()], timeout=timeout)
  File "C:\Users\Andre Norris\kindroid-discord-bot\.venv\Lib\site-packages\discord\utils.py", line 735, in sane_wait_for
    done, pending = await asyncio.wait(ensured, timeout=timeout, return_when=asyncio.ALL_COMPLETED)
                    ^^^^^^^^^^^^^^^^^^^^^^^^^^^^^^^^^^^^^^^^^^^^^^^^^^^^^^^^^^^^^^^^^^^^^^^^^^^^^^^
  File "C:\Users\Andre Norris\AppData\Local\Programs\Python\Python312\Lib\asyncio\tasks.py", line 464, in wait
    return await _wait(fs, timeout, return_when, loop)
           ^^^^^^^^^^^^^^^^^^^^^^^^^^^^^^^^^^^^^^^^^^^
  File "C:\Users\Andre Norris\AppData\Local\Programs\Python\Python312\Lib\asyncio\tasks.py", line 550, in _wait
    await waiter
asyncio.exceptions.CancelledError

The above exception was the direct cause of the following exception:

Traceback (most recent call last):
  File "C:\Users\Andre Norris\kindroid-discord-bot\cogs\commands.py", line 154, in join
    await self._connect_voice_channel(ctx.guild, channel)
  File "C:\Users\Andre Norris\kindroid-discord-bot\cogs\commands.py", line 64, in _connect_voice_channel
    raise last_error or RuntimeError("Voice connection failed")
  File "C:\Users\Andre Norris\kindroid-discord-bot\cogs\commands.py", line 53, in _connect_voice_channel
    return await channel.connect(timeout=timeout, reconnect=True, cls=client_cls)
           ^^^^^^^^^^^^^^^^^^^^^^^^^^^^^^^^^^^^^^^^^^^^^^^^^^^^^^^^^^^^^^^^^^^^^^
  File "C:\Users\Andre Norris\kindroid-discord-bot\.venv\Lib\site-packages\discord\abc.py", line 1992, in connect
    await voice.connect(timeout=timeout, reconnect=reconnect, self_deaf=self_deaf, self_mute=self_mute)
  File "C:\Users\Andre Norris\kindroid-discord-bot\.venv\Lib\site-packages\discord\voice_client.py", line 306, in connect
    await self._connection.connect(
  File "C:\Users\Andre Norris\kindroid-discord-bot\.venv\Lib\site-packages\discord\voice_state.py", line 380, in connect
    await self._connector
  File "C:\Users\Andre Norris\kindroid-discord-bot\.venv\Lib\site-packages\discord\voice_state.py", line 384, in _wrap_connect
    await self._connect(*args)
  File "C:\Users\Andre Norris\kindroid-discord-bot\.venv\Lib\site-packages\discord\voice_state.py", line 429, in _connect
    await asyncio.wait_for(
  File "C:\Users\Andre Norris\AppData\Local\Programs\Python\Python312\Lib\asyncio\tasks.py", line 519, in wait_for
    async with timeouts.timeout(timeout):
               ^^^^^^^^^^^^^^^^^^^^^^^^^
  File "C:\Users\Andre Norris\AppData\Local\Programs\Python\Python312\Lib\asyncio\timeouts.py", line 115, in __aexit__
    raise TimeoutError from exc_val
TimeoutError
2026-07-25 15:42:46,237 - discord.voice_state - INFO - Timed out connecting to voice
2026-07-25 15:42:46,237 - discord.voice_state - INFO - The voice handshake is being terminated for Channel ID 1530563400164446358 (Guild ID 1529997509337026791)
2026-07-25 15:42:46,238 - discord.voice_state - INFO - The voice handshake is being terminated for Channel ID 1530563400164446358 (Guild ID 1529997509337026791)
2026-07-25 15:43:16,254 - cogs.commands - WARNING - Voice connect attempt 3 failed for guild 1529997509337026791: 
2026-07-25 15:43:18,255 - cogs.commands - ERROR - Failed to join voice channel
Traceback (most recent call last):
  File "C:\Users\Andre Norris\AppData\Local\Programs\Python\Python312\Lib\asyncio\tasks.py", line 520, in wait_for
    return await fut
           ^^^^^^^^^
  File "C:\Users\Andre Norris\kindroid-discord-bot\.venv\Lib\site-packages\discord\voice_state.py", line 407, in _inner_connect
    await self._wait_for_state(ConnectionFlowState.got_both_voice_updates)
  File "C:\Users\Andre Norris\kindroid-discord-bot\.venv\Lib\site-packages\discord\voice_state.py", line 559, in _wait_for_state
    await sane_wait_for([self._state_event.wait()], timeout=timeout)
  File "C:\Users\Andre Norris\kindroid-discord-bot\.venv\Lib\site-packages\discord\utils.py", line 735, in sane_wait_for
    done, pending = await asyncio.wait(ensured, timeout=timeout, return_when=asyncio.ALL_COMPLETED)
                    ^^^^^^^^^^^^^^^^^^^^^^^^^^^^^^^^^^^^^^^^^^^^^^^^^^^^^^^^^^^^^^^^^^^^^^^^^^^^^^^
  File "C:\Users\Andre Norris\AppData\Local\Programs\Python\Python312\Lib\asyncio\tasks.py", line 464, in wait
    return await _wait(fs, timeout, return_when, loop)
           ^^^^^^^^^^^^^^^^^^^^^^^^^^^^^^^^^^^^^^^^^^^
  File "C:\Users\Andre Norris\AppData\Local\Programs\Python\Python312\Lib\asyncio\tasks.py", line 550, in _wait
    await waiter
asyncio.exceptions.CancelledError

The above exception was the direct cause of the following exception:

Traceback (most recent call last):
  File "C:\Users\Andre Norris\kindroid-discord-bot\cogs\commands.py", line 154, in join
    await self._connect_voice_channel(ctx.guild, channel)
  File "C:\Users\Andre Norris\kindroid-discord-bot\cogs\commands.py", line 64, in _connect_voice_channel
    raise last_error or RuntimeError("Voice connection failed")
  File "C:\Users\Andre Norris\kindroid-discord-bot\cogs\commands.py", line 53, in _connect_voice_channel
    return await channel.connect(timeout=timeout, reconnect=True, cls=client_cls)
           ^^^^^^^^^^^^^^^^^^^^^^^^^^^^^^^^^^^^^^^^^^^^^^^^^^^^^^^^^^^^^^^^^^^^^^
  File "C:\Users\Andre Norris\kindroid-discord-bot\.venv\Lib\site-packages\discord\abc.py", line 1992, in connect
    await voice.connect(timeout=timeout, reconnect=reconnect, self_deaf=self_deaf, self_mute=self_mute)
  File "C:\Users\Andre Norris\kindroid-discord-bot\.venv\Lib\site-packages\discord\voice_client.py", line 306, in connect
    await self._connection.connect(
  File "C:\Users\Andre Norris\kindroid-discord-bot\.venv\Lib\site-packages\discord\voice_state.py", line 380, in connect
    await self._connector
  File "C:\Users\Andre Norris\kindroid-discord-bot\.venv\Lib\site-packages\discord\voice_state.py", line 384, in _wrap_connect
    await self._connect(*args)
  File "C:\Users\Andre Norris\kindroid-discord-bot\.venv\Lib\site-packages\discord\voice_state.py", line 429, in _connect
    await asyncio.wait_for(
  File "C:\Users\Andre Norris\AppData\Local\Programs\Python\Python312\Lib\asyncio\tasks.py", line 519, in wait_for
    async with timeouts.timeout(timeout):
               ^^^^^^^^^^^^^^^^^^^^^^^^^
  File "C:\Users\Andre Norris\AppData\Local\Programs\Python\Python312\Lib\asyncio\timeouts.py", line 115, in __aexit__
    raise TimeoutError from exc_val
TimeoutError
2026-07-25 16:12:29,645 - cogs.commands - WARNING - Voice connect attempt 1 failed for guild 1530663295139319899: Already connected to a voice channel.
2026-07-25 16:12:29,645 - discord.voice_state - INFO - The voice handshake is being terminated for Channel ID 1530663295818661992 (Guild ID 1530663295139319899)
2026-07-25 16:12:29,645 - discord.voice_state - INFO - Connecting to voice...
2026-07-25 16:12:29,645 - discord.voice_state - INFO - Starting voice handshake... (connection attempt 1)
2026-07-25 16:12:29,867 - discord.voice_state - INFO - Voice handshake complete. Endpoint found: c-ord07-0d286eb2.discord.media
2026-07-25 16:12:30,087 - discord.voice_state - ERROR - Failed to connect to voice... Retrying in 1.0s...
Traceback (most recent call last):
  File "C:\Users\Andre Norris\kindroid-discord-bot\.venv\Lib\site-packages\discord\voice_state.py", line 413, in _inner_connect
    await self._handshake_websocket()
  File "C:\Users\Andre Norris\kindroid-discord-bot\.venv\Lib\site-packages\discord\voice_state.py", line 583, in _handshake_websocket
    await self.ws.poll_event()
  File "C:\Users\Andre Norris\kindroid-discord-bot\.venv\Lib\site-packages\discord\gateway.py", line 1039, in poll_event
    raise ConnectionClosed(self.ws, shard_id=None, code=self._close_code)
discord.errors.ConnectionClosed: Shard ID None WebSocket closed with 4006
2026-07-25 16:12:30,087 - discord.voice_state - INFO - The voice handshake is being terminated for Channel ID 1530663295818661992 (Guild ID 1530663295139319899)
2026-07-25 16:12:31,085 - discord.voice_state - INFO - Starting voice handshake... (connection attempt 2)
2026-07-25 16:12:32,176 - discord.voice_state - INFO - Connecting to voice...
2026-07-25 16:12:32,176 - discord.voice_state - INFO - Starting voice handshake... (connection attempt 1)
2026-07-25 16:12:59,664 - discord.voice_state - INFO - Timed out connecting to voice
2026-07-25 16:12:59,664 - discord.voice_state - INFO - The voice handshake is being terminated for Channel ID 1530663295818661992 (Guild ID 1530663295139319899)
2026-07-25 16:12:59,665 - discord.voice_state - INFO - The voice handshake is being terminated for Channel ID 1530663295818661992 (Guild ID 1530663295139319899)
2026-07-25 16:13:02,205 - discord.voice_state - INFO - Timed out connecting to voice
2026-07-25 16:13:02,205 - discord.voice_state - INFO - The voice handshake is being terminated for Channel ID 1530663295818661992 (Guild ID 1530663295139319899)
2026-07-25 16:13:02,205 - discord.voice_state - INFO - The voice handshake is being terminated for Channel ID 1530663295818661992 (Guild ID 1530663295139319899)
2026-07-25 16:13:16,530 - cogs.commands - WARNING - Voice connect attempt 1 failed for guild 1530663295139319899: Already connected to a voice channel.
2026-07-25 16:13:16,530 - discord.voice_state - INFO - The voice handshake is being terminated for Channel ID 1530663295818661992 (Guild ID 1530663295139319899)
2026-07-25 16:13:16,530 - discord.voice_state - INFO - Connecting to voice...
2026-07-25 16:13:16,530 - discord.voice_state - INFO - Starting voice handshake... (connection attempt 1)
2026-07-25 16:13:16,728 - discord.voice_state - INFO - Voice handshake complete. Endpoint found: c-ord07-0d286eb2.discord.media
2026-07-25 16:13:16,848 - discord.voice_state - ERROR - Failed to connect to voice... Retrying in 1.0s...
Traceback (most recent call last):
  File "C:\Users\Andre Norris\kindroid-discord-bot\.venv\Lib\site-packages\discord\voice_state.py", line 413, in _inner_connect
    await self._handshake_websocket()
  File "C:\Users\Andre Norris\kindroid-discord-bot\.venv\Lib\site-packages\discord\voice_state.py", line 583, in _handshake_websocket
    await self.ws.poll_event()
  File "C:\Users\Andre Norris\kindroid-discord-bot\.venv\Lib\site-packages\discord\gateway.py", line 1039, in poll_event
    raise ConnectionClosed(self.ws, shard_id=None, code=self._close_code)
discord.errors.ConnectionClosed: Shard ID None WebSocket closed with 4006
2026-07-25 16:13:16,848 - discord.voice_state - INFO - The voice handshake is being terminated for Channel ID 1530663295818661992 (Guild ID 1530663295139319899)
2026-07-25 16:13:17,866 - discord.voice_state - INFO - Starting voice handshake... (connection attempt 2)
2026-07-25 16:13:18,951 - discord.voice_state - INFO - Connecting to voice...
2026-07-25 16:13:18,951 - discord.voice_state - INFO - Starting voice handshake... (connection attempt 1)
2026-07-25 16:13:29,672 - cogs.commands - WARNING - Voice connect attempt 1 failed for guild 1530663295139319899: 
2026-07-25 16:13:31,690 - discord.voice_state - INFO - Connecting to voice...
2026-07-25 16:13:31,690 - discord.voice_state - INFO - Starting voice handshake... (connection attempt 1)
2026-07-25 16:13:31,861 - discord.voice_state - INFO - Voice handshake complete. Endpoint found: c-ord07-0d286eb2.discord.media
2026-07-25 16:13:31,982 - discord.voice_state - ERROR - Failed to connect to voice... Retrying in 1.0s...
Traceback (most recent call last):
  File "C:\Users\Andre Norris\kindroid-discord-bot\.venv\Lib\site-packages\discord\voice_state.py", line 413, in _inner_connect
    await self._handshake_websocket()
  File "C:\Users\Andre Norris\kindroid-discord-bot\.venv\Lib\site-packages\discord\voice_state.py", line 583, in _handshake_websocket
    await self.ws.poll_event()
  File "C:\Users\Andre Norris\kindroid-discord-bot\.venv\Lib\site-packages\discord\gateway.py", line 1039, in poll_event
    raise ConnectionClosed(self.ws, shard_id=None, code=self._close_code)
discord.errors.ConnectionClosed: Shard ID None WebSocket closed with 4006
2026-07-25 16:13:31,982 - discord.voice_state - INFO - The voice handshake is being terminated for Channel ID 1530663295818661992 (Guild ID 1530663295139319899)
2026-07-25 16:13:32,205 - cogs.commands - WARNING - Voice connect attempt 2 failed for guild 1530663295139319899: 
2026-07-25 16:13:32,986 - discord.voice_state - INFO - Starting voice handshake... (connection attempt 2)
2026-07-25 16:13:34,215 - discord.voice_state - INFO - Connecting to voice...
2026-07-25 16:13:34,215 - discord.voice_state - INFO - Starting voice handshake... (connection attempt 1)
2026-07-25 16:13:46,538 - discord.voice_state - INFO - Timed out connecting to voice
2026-07-25 16:13:46,538 - discord.voice_state - INFO - The voice handshake is being terminated for Channel ID 1530663295818661992 (Guild ID 1530663295139319899)
2026-07-25 16:13:46,539 - discord.voice_state - INFO - The voice handshake is being terminated for Channel ID 1530663295818661992 (Guild ID 1530663295139319899)
2026-07-25 16:13:48,950 - discord.voice_state - INFO - Timed out connecting to voice
2026-07-25 16:13:48,950 - discord.voice_state - INFO - The voice handshake is being terminated for Channel ID 1530663295818661992 (Guild ID 1530663295139319899)
2026-07-25 16:13:48,950 - discord.voice_state - INFO - The voice handshake is being terminated for Channel ID 1530663295818661992 (Guild ID 1530663295139319899)
2026-07-25 16:14:01,689 - discord.voice_state - INFO - Timed out connecting to voice
2026-07-25 16:14:01,689 - discord.voice_state - INFO - The voice handshake is being terminated for Channel ID 1530663295818661992 (Guild ID 1530663295139319899)
2026-07-25 16:14:01,689 - discord.voice_state - INFO - The voice handshake is being terminated for Channel ID 1530663295818661992 (Guild ID 1530663295139319899)
2026-07-25 16:14:04,214 - discord.voice_state - INFO - Timed out connecting to voice
2026-07-25 16:14:04,214 - discord.voice_state - INFO - The voice handshake is being terminated for Channel ID 1530663295818661992 (Guild ID 1530663295139319899)
2026-07-25 16:14:04,214 - discord.voice_state - INFO - The voice handshake is being terminated for Channel ID 1530663295818661992 (Guild ID 1530663295139319899)
2026-07-25 16:14:16,546 - cogs.commands - WARNING - Voice connect attempt 1 failed for guild 1530663295139319899: 
2026-07-25 16:14:18,546 - discord.voice_state - INFO - Connecting to voice...
2026-07-25 16:14:18,547 - discord.voice_state - INFO - Starting voice handshake... (connection attempt 1)
2026-07-25 16:14:18,772 - discord.voice_state - INFO - Voice handshake complete. Endpoint found: c-ord07-0d286eb2.discord.media
2026-07-25 16:14:18,889 - discord.voice_state - ERROR - Failed to connect to voice... Retrying in 1.0s...
Traceback (most recent call last):
  File "C:\Users\Andre Norris\kindroid-discord-bot\.venv\Lib\site-packages\discord\voice_state.py", line 413, in _inner_connect
    await self._handshake_websocket()
  File "C:\Users\Andre Norris\kindroid-discord-bot\.venv\Lib\site-packages\discord\voice_state.py", line 583, in _handshake_websocket
    await self.ws.poll_event()
  File "C:\Users\Andre Norris\kindroid-discord-bot\.venv\Lib\site-packages\discord\gateway.py", line 1039, in poll_event
    raise ConnectionClosed(self.ws, shard_id=None, code=self._close_code)
discord.errors.ConnectionClosed: Shard ID None WebSocket closed with 4006
2026-07-25 16:14:18,889 - discord.voice_state - INFO - The voice handshake is being terminated for Channel ID 1530663295818661992 (Guild ID 1530663295139319899)
2026-07-25 16:14:18,942 - cogs.commands - WARNING - Voice connect attempt 2 failed for guild 1530663295139319899: 
2026-07-25 16:14:19,889 - discord.voice_state - INFO - Starting voice handshake... (connection attempt 2)
2026-07-25 16:14:20,955 - discord.voice_state - INFO - Connecting to voice...
2026-07-25 16:14:20,956 - discord.voice_state - INFO - Starting voice handshake... (connection attempt 1)
2026-07-25 16:14:31,704 - cogs.commands - WARNING - Voice connect attempt 2 failed for guild 1530663295139319899: 
2026-07-25 16:14:33,690 - discord.voice_state - INFO - Connecting to voice...
2026-07-25 16:14:33,690 - discord.voice_state - INFO - Starting voice handshake... (connection attempt 1)
2026-07-25 16:14:33,859 - discord.voice_state - INFO - Voice handshake complete. Endpoint found: c-ord07-0d286eb2.discord.media
2026-07-25 16:14:33,990 - discord.voice_state - ERROR - Failed to connect to voice... Retrying in 1.0s...
Traceback (most recent call last):
  File "C:\Users\Andre Norris\kindroid-discord-bot\.venv\Lib\site-packages\discord\voice_state.py", line 413, in _inner_connect
    await self._handshake_websocket()
  File "C:\Users\Andre Norris\kindroid-discord-bot\.venv\Lib\site-packages\discord\voice_state.py", line 583, in _handshake_websocket
    await self.ws.poll_event()
  File "C:\Users\Andre Norris\kindroid-discord-bot\.venv\Lib\site-packages\discord\gateway.py", line 1039, in poll_event
    raise ConnectionClosed(self.ws, shard_id=None, code=self._close_code)
discord.errors.ConnectionClosed: Shard ID None WebSocket closed with 4006
2026-07-25 16:14:33,990 - discord.voice_state - INFO - The voice handshake is being terminated for Channel ID 1530663295818661992 (Guild ID 1530663295139319899)
2026-07-25 16:14:34,207 - cogs.commands - WARNING - Voice connect attempt 3 failed for guild 1530663295139319899: 
2026-07-25 16:14:35,004 - discord.voice_state - INFO - Starting voice handshake... (connection attempt 2)
2026-07-25 16:14:36,199 - cogs.commands - ERROR - Failed to join voice channel
Traceback (most recent call last):
  File "C:\Users\Andre Norris\AppData\Local\Programs\Python\Python312\Lib\asyncio\tasks.py", line 520, in wait_for
    return await fut
           ^^^^^^^^^
  File "C:\Users\Andre Norris\kindroid-discord-bot\.venv\Lib\site-packages\discord\voice_state.py", line 407, in _inner_connect
    await self._wait_for_state(ConnectionFlowState.got_both_voice_updates)
  File "C:\Users\Andre Norris\kindroid-discord-bot\.venv\Lib\site-packages\discord\voice_state.py", line 559, in _wait_for_state
    await sane_wait_for([self._state_event.wait()], timeout=timeout)
  File "C:\Users\Andre Norris\kindroid-discord-bot\.venv\Lib\site-packages\discord\utils.py", line 735, in sane_wait_for
    done, pending = await asyncio.wait(ensured, timeout=timeout, return_when=asyncio.ALL_COMPLETED)
                    ^^^^^^^^^^^^^^^^^^^^^^^^^^^^^^^^^^^^^^^^^^^^^^^^^^^^^^^^^^^^^^^^^^^^^^^^^^^^^^^
  File "C:\Users\Andre Norris\AppData\Local\Programs\Python\Python312\Lib\asyncio\tasks.py", line 464, in wait
    return await _wait(fs, timeout, return_when, loop)
           ^^^^^^^^^^^^^^^^^^^^^^^^^^^^^^^^^^^^^^^^^^^
  File "C:\Users\Andre Norris\AppData\Local\Programs\Python\Python312\Lib\asyncio\tasks.py", line 550, in _wait
    await waiter
asyncio.exceptions.CancelledError

The above exception was the direct cause of the following exception:

Traceback (most recent call last):
  File "C:\Users\Andre Norris\kindroid-discord-bot\cogs\commands.py", line 154, in join
    await self._connect_voice_channel(ctx.guild, channel)
  File "C:\Users\Andre Norris\kindroid-discord-bot\cogs\commands.py", line 64, in _connect_voice_channel
    raise last_error or RuntimeError("Voice connection failed")
  File "C:\Users\Andre Norris\kindroid-discord-bot\cogs\commands.py", line 53, in _connect_voice_channel
    return await channel.connect(timeout=timeout, reconnect=True, cls=client_cls)
           ^^^^^^^^^^^^^^^^^^^^^^^^^^^^^^^^^^^^^^^^^^^^^^^^^^^^^^^^^^^^^^^^^^^^^^
  File "C:\Users\Andre Norris\kindroid-discord-bot\.venv\Lib\site-packages\discord\abc.py", line 1992, in connect
    await voice.connect(timeout=timeout, reconnect=reconnect, self_deaf=self_deaf, self_mute=self_mute)
  File "C:\Users\Andre Norris\kindroid-discord-bot\.venv\Lib\site-packages\discord\voice_client.py", line 306, in connect
    await self._connection.connect(
  File "C:\Users\Andre Norris\kindroid-discord-bot\.venv\Lib\site-packages\discord\voice_state.py", line 380, in connect
    await self._connector
  File "C:\Users\Andre Norris\kindroid-discord-bot\.venv\Lib\site-packages\discord\voice_state.py", line 384, in _wrap_connect
    await self._connect(*args)
  File "C:\Users\Andre Norris\kindroid-discord-bot\.venv\Lib\site-packages\discord\voice_state.py", line 429, in _connect
    await asyncio.wait_for(
  File "C:\Users\Andre Norris\AppData\Local\Programs\Python\Python312\Lib\asyncio\tasks.py", line 519, in wait_for
    async with timeouts.timeout(timeout):
               ^^^^^^^^^^^^^^^^^^^^^^^^^
  File "C:\Users\Andre Norris\AppData\Local\Programs\Python\Python312\Lib\asyncio\timeouts.py", line 115, in __aexit__
    raise TimeoutError from exc_val
TimeoutError
2026-07-25 16:14:48,550 - discord.voice_state - INFO - Timed out connecting to voice
2026-07-25 16:14:48,550 - discord.voice_state - INFO - The voice handshake is being terminated for Channel ID 1530663295818661992 (Guild ID 1530663295139319899)
2026-07-25 16:14:48,550 - discord.voice_state - INFO - The voice handshake is being terminated for Channel ID 1530663295818661992 (Guild ID 1530663295139319899)
2026-07-25 16:14:50,958 - discord.voice_state - INFO - Timed out connecting to voice
2026-07-25 16:14:50,958 - discord.voice_state - INFO - The voice handshake is being terminated for Channel ID 1530663295818661992 (Guild ID 1530663295139319899)
2026-07-25 16:14:50,958 - discord.voice_state - INFO - The voice handshake is being terminated for Channel ID 1530663295818661992 (Guild ID 1530663295139319899)
2026-07-25 16:15:03,705 - discord.voice_state - INFO - Timed out connecting to voice
2026-07-25 16:15:03,705 - discord.voice_state - INFO - The voice handshake is being terminated for Channel ID 1530663295818661992 (Guild ID 1530663295139319899)
2026-07-25 16:15:03,706 - discord.voice_state - INFO - The voice handshake is being terminated for Channel ID 1530663295818661992 (Guild ID 1530663295139319899)
2026-07-25 16:15:18,549 - cogs.commands - WARNING - Voice connect attempt 2 failed for guild 1530663295139319899: 
2026-07-25 16:15:20,573 - discord.voice_state - INFO - Connecting to voice...
2026-07-25 16:15:20,574 - discord.voice_state - INFO - Starting voice handshake... (connection attempt 1)
2026-07-25 16:15:20,744 - discord.voice_state - INFO - Voice handshake complete. Endpoint found: c-ord07-0d286eb2.discord.media
2026-07-25 16:15:20,866 - discord.voice_state - ERROR - Failed to connect to voice... Retrying in 1.0s...
Traceback (most recent call last):
  File "C:\Users\Andre Norris\kindroid-discord-bot\.venv\Lib\site-packages\discord\voice_state.py", line 413, in _inner_connect
    await self._handshake_websocket()
  File "C:\Users\Andre Norris\kindroid-discord-bot\.venv\Lib\site-packages\discord\voice_state.py", line 583, in _handshake_websocket
    await self.ws.poll_event()
  File "C:\Users\Andre Norris\kindroid-discord-bot\.venv\Lib\site-packages\discord\gateway.py", line 1039, in poll_event
    raise ConnectionClosed(self.ws, shard_id=None, code=self._close_code)
discord.errors.ConnectionClosed: Shard ID None WebSocket closed with 4006
2026-07-25 16:15:20,874 - discord.voice_state - INFO - The voice handshake is being terminated for Channel ID 1530663295818661992 (Guild ID 1530663295139319899)
2026-07-25 16:15:20,966 - cogs.commands - WARNING - Voice connect attempt 3 failed for guild 1530663295139319899: 
2026-07-25 16:15:21,895 - discord.voice_state - INFO - Starting voice handshake... (connection attempt 2)
2026-07-25 16:15:22,972 - cogs.commands - ERROR - Failed to join voice channel
Traceback (most recent call last):
  File "C:\Users\Andre Norris\AppData\Local\Programs\Python\Python312\Lib\asyncio\tasks.py", line 520, in wait_for
    return await fut
           ^^^^^^^^^
  File "C:\Users\Andre Norris\kindroid-discord-bot\.venv\Lib\site-packages\discord\voice_state.py", line 407, in _inner_connect
    await self._wait_for_state(ConnectionFlowState.got_both_voice_updates)
  File "C:\Users\Andre Norris\kindroid-discord-bot\.venv\Lib\site-packages\discord\voice_state.py", line 559, in _wait_for_state
    await sane_wait_for([self._state_event.wait()], timeout=timeout)
  File "C:\Users\Andre Norris\kindroid-discord-bot\.venv\Lib\site-packages\discord\utils.py", line 735, in sane_wait_for
    done, pending = await asyncio.wait(ensured, timeout=timeout, return_when=asyncio.ALL_COMPLETED)
                    ^^^^^^^^^^^^^^^^^^^^^^^^^^^^^^^^^^^^^^^^^^^^^^^^^^^^^^^^^^^^^^^^^^^^^^^^^^^^^^^
  File "C:\Users\Andre Norris\AppData\Local\Programs\Python\Python312\Lib\asyncio\tasks.py", line 464, in wait
    return await _wait(fs, timeout, return_when, loop)
           ^^^^^^^^^^^^^^^^^^^^^^^^^^^^^^^^^^^^^^^^^^^
  File "C:\Users\Andre Norris\AppData\Local\Programs\Python\Python312\Lib\asyncio\tasks.py", line 550, in _wait
    await waiter
asyncio.exceptions.CancelledError

The above exception was the direct cause of the following exception:

Traceback (most recent call last):
  File "C:\Users\Andre Norris\kindroid-discord-bot\cogs\commands.py", line 154, in join
    await self._connect_voice_channel(ctx.guild, channel)
  File "C:\Users\Andre Norris\kindroid-discord-bot\cogs\commands.py", line 64, in _connect_voice_channel
    raise last_error or RuntimeError("Voice connection failed")
  File "C:\Users\Andre Norris\kindroid-discord-bot\cogs\commands.py", line 53, in _connect_voice_channel
    return await channel.connect(timeout=timeout, reconnect=True, cls=client_cls)
           ^^^^^^^^^^^^^^^^^^^^^^^^^^^^^^^^^^^^^^^^^^^^^^^^^^^^^^^^^^^^^^^^^^^^^^
  File "C:\Users\Andre Norris\kindroid-discord-bot\.venv\Lib\site-packages\discord\abc.py", line 1992, in connect
    await voice.connect(timeout=timeout, reconnect=reconnect, self_deaf=self_deaf, self_mute=self_mute)
  File "C:\Users\Andre Norris\kindroid-discord-bot\.venv\Lib\site-packages\discord\voice_client.py", line 306, in connect
    await self._connection.connect(
  File "C:\Users\Andre Norris\kindroid-discord-bot\.venv\Lib\site-packages\discord\voice_state.py", line 380, in connect
    await self._connector
  File "C:\Users\Andre Norris\kindroid-discord-bot\.venv\Lib\site-packages\discord\voice_state.py", line 384, in _wrap_connect
    await self._connect(*args)
  File "C:\Users\Andre Norris\kindroid-discord-bot\.venv\Lib\site-packages\discord\voice_state.py", line 429, in _connect
    await asyncio.wait_for(
  File "C:\Users\Andre Norris\AppData\Local\Programs\Python\Python312\Lib\asyncio\tasks.py", line 519, in wait_for
    async with timeouts.timeout(timeout):
               ^^^^^^^^^^^^^^^^^^^^^^^^^
  File "C:\Users\Andre Norris\AppData\Local\Programs\Python\Python312\Lib\asyncio\timeouts.py", line 115, in __aexit__
    raise TimeoutError from exc_val
TimeoutError
2026-07-25 16:15:33,714 - cogs.commands - WARNING - Voice connect attempt 3 failed for guild 1530663295139319899: 
2026-07-25 16:15:35,722 - cogs.commands - ERROR - Failed to join voice channel
Traceback (most recent call last):
  File "C:\Users\Andre Norris\AppData\Local\Programs\Python\Python312\Lib\asyncio\tasks.py", line 520, in wait_for
    return await fut
           ^^^^^^^^^
  File "C:\Users\Andre Norris\kindroid-discord-bot\.venv\Lib\site-packages\discord\voice_state.py", line 407, in _inner_connect
    await self._wait_for_state(ConnectionFlowState.got_both_voice_updates)
  File "C:\Users\Andre Norris\kindroid-discord-bot\.venv\Lib\site-packages\discord\voice_state.py", line 559, in _wait_for_state
    await sane_wait_for([self._state_event.wait()], timeout=timeout)
  File "C:\Users\Andre Norris\kindroid-discord-bot\.venv\Lib\site-packages\discord\utils.py", line 735, in sane_wait_for
    done, pending = await asyncio.wait(ensured, timeout=timeout, return_when=asyncio.ALL_COMPLETED)
                    ^^^^^^^^^^^^^^^^^^^^^^^^^^^^^^^^^^^^^^^^^^^^^^^^^^^^^^^^^^^^^^^^^^^^^^^^^^^^^^^
  File "C:\Users\Andre Norris\AppData\Local\Programs\Python\Python312\Lib\asyncio\tasks.py", line 464, in wait
    return await _wait(fs, timeout, return_when, loop)
           ^^^^^^^^^^^^^^^^^^^^^^^^^^^^^^^^^^^^^^^^^^^
  File "C:\Users\Andre Norris\AppData\Local\Programs\Python\Python312\Lib\asyncio\tasks.py", line 550, in _wait
    await waiter
asyncio.exceptions.CancelledError

The above exception was the direct cause of the following exception:

Traceback (most recent call last):
  File "C:\Users\Andre Norris\kindroid-discord-bot\cogs\commands.py", line 154, in join
    await self._connect_voice_channel(ctx.guild, channel)
  File "C:\Users\Andre Norris\kindroid-discord-bot\cogs\commands.py", line 64, in _connect_voice_channel
    raise last_error or RuntimeError("Voice connection failed")
  File "C:\Users\Andre Norris\kindroid-discord-bot\cogs\commands.py", line 53, in _connect_voice_channel
    return await channel.connect(timeout=timeout, reconnect=True, cls=client_cls)
           ^^^^^^^^^^^^^^^^^^^^^^^^^^^^^^^^^^^^^^^^^^^^^^^^^^^^^^^^^^^^^^^^^^^^^^
  File "C:\Users\Andre Norris\kindroid-discord-bot\.venv\Lib\site-packages\discord\abc.py", line 1992, in connect
    await voice.connect(timeout=timeout, reconnect=reconnect, self_deaf=self_deaf, self_mute=self_mute)
  File "C:\Users\Andre Norris\kindroid-discord-bot\.venv\Lib\site-packages\discord\voice_client.py", line 306, in connect
    await self._connection.connect(
  File "C:\Users\Andre Norris\kindroid-discord-bot\.venv\Lib\site-packages\discord\voice_state.py", line 380, in connect
    await self._connector
  File "C:\Users\Andre Norris\kindroid-discord-bot\.venv\Lib\site-packages\discord\voice_state.py", line 384, in _wrap_connect
    await self._connect(*args)
  File "C:\Users\Andre Norris\kindroid-discord-bot\.venv\Lib\site-packages\discord\voice_state.py", line 429, in _connect
    await asyncio.wait_for(
  File "C:\Users\Andre Norris\AppData\Local\Programs\Python\Python312\Lib\asyncio\tasks.py", line 519, in wait_for
    async with timeouts.timeout(timeout):
               ^^^^^^^^^^^^^^^^^^^^^^^^^
  File "C:\Users\Andre Norris\AppData\Local\Programs\Python\Python312\Lib\asyncio\timeouts.py", line 115, in __aexit__
    raise TimeoutError from exc_val
TimeoutError
2026-07-25 16:15:50,599 - discord.voice_state - INFO - Timed out connecting to voice
2026-07-25 16:15:50,600 - discord.voice_state - INFO - The voice handshake is being terminated for Channel ID 1530663295818661992 (Guild ID 1530663295139319899)
2026-07-25 16:15:50,600 - discord.voice_state - INFO - The voice handshake is being terminated for Channel ID 1530663295818661992 (Guild ID 1530663295139319899)
2026-07-25 16:16:20,605 - cogs.commands - WARNING - Voice connect attempt 3 failed for guild 1530663295139319899: 
2026-07-25 16:16:22,596 - cogs.commands - ERROR - Failed to join voice channel
Traceback (most recent call last):
  File "C:\Users\Andre Norris\AppData\Local\Programs\Python\Python312\Lib\asyncio\tasks.py", line 520, in wait_for
    return await fut
           ^^^^^^^^^
  File "C:\Users\Andre Norris\kindroid-discord-bot\.venv\Lib\site-packages\discord\voice_state.py", line 407, in _inner_connect
    await self._wait_for_state(ConnectionFlowState.got_both_voice_updates)
  File "C:\Users\Andre Norris\kindroid-discord-bot\.venv\Lib\site-packages\discord\voice_state.py", line 559, in _wait_for_state
    await sane_wait_for([self._state_event.wait()], timeout=timeout)
  File "C:\Users\Andre Norris\kindroid-discord-bot\.venv\Lib\site-packages\discord\utils.py", line 735, in sane_wait_for
    done, pending = await asyncio.wait(ensured, timeout=timeout, return_when=asyncio.ALL_COMPLETED)
                    ^^^^^^^^^^^^^^^^^^^^^^^^^^^^^^^^^^^^^^^^^^^^^^^^^^^^^^^^^^^^^^^^^^^^^^^^^^^^^^^
  File "C:\Users\Andre Norris\AppData\Local\Programs\Python\Python312\Lib\asyncio\tasks.py", line 464, in wait
    return await _wait(fs, timeout, return_when, loop)
           ^^^^^^^^^^^^^^^^^^^^^^^^^^^^^^^^^^^^^^^^^^^
  File "C:\Users\Andre Norris\AppData\Local\Programs\Python\Python312\Lib\asyncio\tasks.py", line 550, in _wait
    await waiter
asyncio.exceptions.CancelledError

The above exception was the direct cause of the following exception:

Traceback (most recent call last):
  File "C:\Users\Andre Norris\kindroid-discord-bot\cogs\commands.py", line 154, in join
    await self._connect_voice_channel(ctx.guild, channel)
  File "C:\Users\Andre Norris\kindroid-discord-bot\cogs\commands.py", line 64, in _connect_voice_channel
    raise last_error or RuntimeError("Voice connection failed")
  File "C:\Users\Andre Norris\kindroid-discord-bot\cogs\commands.py", line 53, in _connect_voice_channel
    return await channel.connect(timeout=timeout, reconnect=True, cls=client_cls)
           ^^^^^^^^^^^^^^^^^^^^^^^^^^^^^^^^^^^^^^^^^^^^^^^^^^^^^^^^^^^^^^^^^^^^^^
  File "C:\Users\Andre Norris\kindroid-discord-bot\.venv\Lib\site-packages\discord\abc.py", line 1992, in connect
    await voice.connect(timeout=timeout, reconnect=reconnect, self_deaf=self_deaf, self_mute=self_mute)
  File "C:\Users\Andre Norris\kindroid-discord-bot\.venv\Lib\site-packages\discord\voice_client.py", line 306, in connect
    await self._connection.connect(
  File "C:\Users\Andre Norris\kindroid-discord-bot\.venv\Lib\site-packages\discord\voice_state.py", line 380, in connect
    await self._connector
  File "C:\Users\Andre Norris\kindroid-discord-bot\.venv\Lib\site-packages\discord\voice_state.py", line 384, in _wrap_connect
    await self._connect(*args)
  File "C:\Users\Andre Norris\kindroid-discord-bot\.venv\Lib\site-packages\discord\voice_state.py", line 429, in _connect
    await asyncio.wait_for(
  File "C:\Users\Andre Norris\AppData\Local\Programs\Python\Python312\Lib\asyncio\tasks.py", line 519, in wait_for
    async with timeouts.timeout(timeout):
               ^^^^^^^^^^^^^^^^^^^^^^^^^
  File "C:\Users\Andre Norris\AppData\Local\Programs\Python\Python312\Lib\asyncio\timeouts.py", line 115, in __aexit__
    raise TimeoutError from exc_val
TimeoutError
2026-07-25 16:16:43,016 - cogs.commands - WARNING - Voice connect attempt 1 failed for guild 1530663295139319899: Already connected to a voice channel.
2026-07-25 16:16:43,016 - discord.voice_state - INFO - The voice handshake is being terminated for Channel ID 1530663295818661992 (Guild ID 1530663295139319899)
2026-07-25 16:16:43,016 - discord.voice_state - INFO - Connecting to voice...
2026-07-25 16:16:43,016 - discord.voice_state - INFO - Starting voice handshake... (connection attempt 1)
2026-07-25 16:16:43,175 - discord.voice_state - INFO - Voice handshake complete. Endpoint found: c-ord07-0d286eb2.discord.media
2026-07-25 16:16:43,290 - discord.voice_state - ERROR - Failed to connect to voice... Retrying in 1.0s...
Traceback (most recent call last):
  File "C:\Users\Andre Norris\kindroid-discord-bot\.venv\Lib\site-packages\discord\voice_state.py", line 413, in _inner_connect
    await self._handshake_websocket()
  File "C:\Users\Andre Norris\kindroid-discord-bot\.venv\Lib\site-packages\discord\voice_state.py", line 583, in _handshake_websocket
    await self.ws.poll_event()
  File "C:\Users\Andre Norris\kindroid-discord-bot\.venv\Lib\site-packages\discord\gateway.py", line 1039, in poll_event
    raise ConnectionClosed(self.ws, shard_id=None, code=self._close_code)
discord.errors.ConnectionClosed: Shard ID None WebSocket closed with 4006
2026-07-25 16:16:43,290 - discord.voice_state - INFO - The voice handshake is being terminated for Channel ID 1530663295818661992 (Guild ID 1530663295139319899)
2026-07-25 16:16:44,300 - discord.voice_state - INFO - Starting voice handshake... (connection attempt 2)
2026-07-25 16:16:45,390 - discord.voice_state - INFO - Connecting to voice...
2026-07-25 16:16:45,390 - discord.voice_state - INFO - Starting voice handshake... (connection attempt 1)
2026-07-25 16:17:13,033 - discord.voice_state - INFO - Timed out connecting to voice
2026-07-25 16:17:13,033 - discord.voice_state - INFO - The voice handshake is being terminated for Channel ID 1530663295818661992 (Guild ID 1530663295139319899)
2026-07-25 16:17:13,033 - discord.voice_state - INFO - The voice handshake is being terminated for Channel ID 1530663295818661992 (Guild ID 1530663295139319899)
2026-07-25 16:17:15,396 - discord.voice_state - INFO - Timed out connecting to voice
2026-07-25 16:17:15,396 - discord.voice_state - INFO - The voice handshake is being terminated for Channel ID 1530663295818661992 (Guild ID 1530663295139319899)
2026-07-25 16:17:15,396 - discord.voice_state - INFO - The voice handshake is being terminated for Channel ID 1530663295818661992 (Guild ID 1530663295139319899)
2026-07-25 16:17:43,038 - cogs.commands - WARNING - Voice connect attempt 1 failed for guild 1530663295139319899: 
2026-07-25 16:17:45,051 - discord.voice_state - INFO - Connecting to voice...
2026-07-25 16:17:45,051 - discord.voice_state - INFO - Starting voice handshake... (connection attempt 1)
2026-07-25 16:17:45,236 - discord.voice_state - INFO - Voice handshake complete. Endpoint found: c-ord07-0d286eb2.discord.media
2026-07-25 16:17:45,403 - cogs.commands - WARNING - Voice connect attempt 2 failed for guild 1530663295139319899: 
2026-07-25 16:17:45,403 - discord.voice_state - ERROR - Failed to connect to voice... Retrying in 1.0s...
Traceback (most recent call last):
  File "C:\Users\Andre Norris\kindroid-discord-bot\.venv\Lib\site-packages\discord\voice_state.py", line 413, in _inner_connect
    await self._handshake_websocket()
  File "C:\Users\Andre Norris\kindroid-discord-bot\.venv\Lib\site-packages\discord\voice_state.py", line 583, in _handshake_websocket
    await self.ws.poll_event()
  File "C:\Users\Andre Norris\kindroid-discord-bot\.venv\Lib\site-packages\discord\gateway.py", line 1039, in poll_event
    raise ConnectionClosed(self.ws, shard_id=None, code=self._close_code)
discord.errors.ConnectionClosed: Shard ID None WebSocket closed with 4006
2026-07-25 16:17:45,404 - discord.voice_state - INFO - The voice handshake is being terminated for Channel ID 1530663295818661992 (Guild ID 1530663295139319899)
2026-07-25 16:17:46,409 - discord.voice_state - INFO - Starting voice handshake... (connection attempt 2)
2026-07-25 16:17:47,395 - discord.voice_state - INFO - Connecting to voice...
2026-07-25 16:17:47,395 - discord.voice_state - INFO - Starting voice handshake... (connection attempt 1)
2026-07-25 16:17:48,103 - discord.voice_state - INFO - The voice handshake is being terminated for Channel ID 1530663295818661992 (Guild ID 1530663295139319899)
2026-07-25 16:17:48,105 - discord.voice_state - INFO - The voice handshake is being terminated for Channel ID 1530663295818661992 (Guild ID 1530663295139319899)
2026-07-25 16:17:49,763 - cogs.commands - WARNING - Voice connect attempt 1 failed for guild 1530663295139319899: Already connected to a voice channel.
2026-07-25 16:17:49,763 - discord.voice_state - INFO - The voice handshake is being terminated for Channel ID 1530663295818661992 (Guild ID 1530663295139319899)
2026-07-25 16:17:49,763 - discord.voice_state - INFO - Connecting to voice...
2026-07-25 16:17:49,764 - discord.voice_state - INFO - Starting voice handshake... (connection attempt 1)
2026-07-25 16:17:49,954 - discord.voice_state - INFO - Voice handshake complete. Endpoint found: c-ord07-0d286eb2.discord.media
2026-07-25 16:17:50,064 - discord.voice_state - ERROR - Failed to connect to voice... Retrying in 1.0s...
Traceback (most recent call last):
  File "C:\Users\Andre Norris\kindroid-discord-bot\.venv\Lib\site-packages\discord\voice_state.py", line 413, in _inner_connect
    await self._handshake_websocket()
  File "C:\Users\Andre Norris\kindroid-discord-bot\.venv\Lib\site-packages\discord\voice_state.py", line 583, in _handshake_websocket
    await self.ws.poll_event()
  File "C:\Users\Andre Norris\kindroid-discord-bot\.venv\Lib\site-packages\discord\gateway.py", line 1039, in poll_event
    raise ConnectionClosed(self.ws, shard_id=None, code=self._close_code)
discord.errors.ConnectionClosed: Shard ID None WebSocket closed with 4006
2026-07-25 16:17:50,064 - discord.voice_state - INFO - The voice handshake is being terminated for Channel ID 1530663295818661992 (Guild ID 1530663295139319899)
2026-07-25 16:17:51,088 - discord.voice_state - INFO - Starting voice handshake... (connection attempt 2)
2026-07-25 16:17:52,161 - discord.voice_state - INFO - Connecting to voice...
2026-07-25 16:17:52,161 - discord.voice_state - INFO - Starting voice handshake... (connection attempt 1)
2026-07-25 16:18:15,072 - discord.voice_state - INFO - Timed out connecting to voice
2026-07-25 16:18:15,072 - discord.voice_state - INFO - The voice handshake is being terminated for Channel ID 1530663295818661992 (Guild ID 1530663295139319899)
2026-07-25 16:18:15,072 - discord.voice_state - INFO - The voice handshake is being terminated for Channel ID 1530663295818661992 (Guild ID 1530663295139319899)
2026-07-25 16:18:17,393 - discord.voice_state - INFO - Timed out connecting to voice
2026-07-25 16:18:17,393 - discord.voice_state - INFO - The voice handshake is being terminated for Channel ID 1530663295818661992 (Guild ID 1530663295139319899)
2026-07-25 16:18:17,393 - discord.voice_state - INFO - The voice handshake is being terminated for Channel ID 1530663295818661992 (Guild ID 1530663295139319899)
2026-07-25 16:18:19,776 - discord.voice_state - INFO - Timed out connecting to voice
2026-07-25 16:18:19,776 - discord.voice_state - INFO - The voice handshake is being terminated for Channel ID 1530663295818661992 (Guild ID 1530663295139319899)
2026-07-25 16:18:19,776 - discord.voice_state - INFO - The voice handshake is being terminated for Channel ID 1530663295818661992 (Guild ID 1530663295139319899)
2026-07-25 16:18:22,171 - discord.voice_state - INFO - Timed out connecting to voice
2026-07-25 16:18:22,171 - discord.voice_state - INFO - The voice handshake is being terminated for Channel ID 1530663295818661992 (Guild ID 1530663295139319899)
2026-07-25 16:18:22,171 - discord.voice_state - INFO - The voice handshake is being terminated for Channel ID 1530663295818661992 (Guild ID 1530663295139319899)
2026-07-25 16:18:45,073 - cogs.commands - WARNING - Voice connect attempt 2 failed for guild 1530663295139319899: 
2026-07-25 16:18:47,074 - discord.voice_state - INFO - Connecting to voice...
2026-07-25 16:18:47,074 - discord.voice_state - INFO - Starting voice handshake... (connection attempt 1)
2026-07-25 16:18:47,248 - discord.voice_state - INFO - Voice handshake complete. Endpoint found: c-ord07-0d286eb2.discord.media
2026-07-25 16:18:47,369 - discord.voice_state - ERROR - Failed to connect to voice... Retrying in 1.0s...
Traceback (most recent call last):
  File "C:\Users\Andre Norris\kindroid-discord-bot\.venv\Lib\site-packages\discord\voice_state.py", line 413, in _inner_connect
    await self._handshake_websocket()
  File "C:\Users\Andre Norris\kindroid-discord-bot\.venv\Lib\site-packages\discord\voice_state.py", line 583, in _handshake_websocket
    await self.ws.poll_event()
  File "C:\Users\Andre Norris\kindroid-discord-bot\.venv\Lib\site-packages\discord\gateway.py", line 1039, in poll_event
    raise ConnectionClosed(self.ws, shard_id=None, code=self._close_code)
discord.errors.ConnectionClosed: Shard ID None WebSocket closed with 4006
2026-07-25 16:18:47,369 - discord.voice_state - INFO - The voice handshake is being terminated for Channel ID 1530663295818661992 (Guild ID 1530663295139319899)
2026-07-25 16:18:47,408 - cogs.commands - WARNING - Voice connect attempt 3 failed for guild 1530663295139319899: 
2026-07-25 16:18:48,372 - discord.voice_state - INFO - Starting voice handshake... (connection attempt 2)
2026-07-25 16:18:49,422 - cogs.commands - ERROR - Failed to join voice channel
Traceback (most recent call last):
  File "C:\Users\Andre Norris\AppData\Local\Programs\Python\Python312\Lib\asyncio\tasks.py", line 520, in wait_for
    return await fut
           ^^^^^^^^^
  File "C:\Users\Andre Norris\kindroid-discord-bot\.venv\Lib\site-packages\discord\voice_state.py", line 407, in _inner_connect
    await self._wait_for_state(ConnectionFlowState.got_both_voice_updates)
  File "C:\Users\Andre Norris\kindroid-discord-bot\.venv\Lib\site-packages\discord\voice_state.py", line 559, in _wait_for_state
    await sane_wait_for([self._state_event.wait()], timeout=timeout)
  File "C:\Users\Andre Norris\kindroid-discord-bot\.venv\Lib\site-packages\discord\utils.py", line 735, in sane_wait_for
    done, pending = await asyncio.wait(ensured, timeout=timeout, return_when=asyncio.ALL_COMPLETED)
                    ^^^^^^^^^^^^^^^^^^^^^^^^^^^^^^^^^^^^^^^^^^^^^^^^^^^^^^^^^^^^^^^^^^^^^^^^^^^^^^^
  File "C:\Users\Andre Norris\AppData\Local\Programs\Python\Python312\Lib\asyncio\tasks.py", line 464, in wait
    return await _wait(fs, timeout, return_when, loop)
           ^^^^^^^^^^^^^^^^^^^^^^^^^^^^^^^^^^^^^^^^^^^
  File "C:\Users\Andre Norris\AppData\Local\Programs\Python\Python312\Lib\asyncio\tasks.py", line 550, in _wait
    await waiter
asyncio.exceptions.CancelledError

The above exception was the direct cause of the following exception:

Traceback (most recent call last):
  File "C:\Users\Andre Norris\kindroid-discord-bot\cogs\commands.py", line 154, in join
    await self._connect_voice_channel(ctx.guild, channel)
  File "C:\Users\Andre Norris\kindroid-discord-bot\cogs\commands.py", line 64, in _connect_voice_channel
    raise last_error or RuntimeError("Voice connection failed")
  File "C:\Users\Andre Norris\kindroid-discord-bot\cogs\commands.py", line 53, in _connect_voice_channel
    return await channel.connect(timeout=timeout, reconnect=True, cls=client_cls)
           ^^^^^^^^^^^^^^^^^^^^^^^^^^^^^^^^^^^^^^^^^^^^^^^^^^^^^^^^^^^^^^^^^^^^^^
  File "C:\Users\Andre Norris\kindroid-discord-bot\.venv\Lib\site-packages\discord\abc.py", line 1992, in connect
    await voice.connect(timeout=timeout, reconnect=reconnect, self_deaf=self_deaf, self_mute=self_mute)
  File "C:\Users\Andre Norris\kindroid-discord-bot\.venv\Lib\site-packages\discord\voice_client.py", line 306, in connect
    await self._connection.connect(
  File "C:\Users\Andre Norris\kindroid-discord-bot\.venv\Lib\site-packages\discord\voice_state.py", line 380, in connect
    await self._connector
  File "C:\Users\Andre Norris\kindroid-discord-bot\.venv\Lib\site-packages\discord\voice_state.py", line 384, in _wrap_connect
    await self._connect(*args)
  File "C:\Users\Andre Norris\kindroid-discord-bot\.venv\Lib\site-packages\discord\voice_state.py", line 429, in _connect
    await asyncio.wait_for(
  File "C:\Users\Andre Norris\AppData\Local\Programs\Python\Python312\Lib\asyncio\tasks.py", line 519, in wait_for
    async with timeouts.timeout(timeout):
               ^^^^^^^^^^^^^^^^^^^^^^^^^
  File "C:\Users\Andre Norris\AppData\Local\Programs\Python\Python312\Lib\asyncio\timeouts.py", line 115, in __aexit__
    raise TimeoutError from exc_val
TimeoutError
2026-07-25 16:18:49,782 - cogs.commands - WARNING - Voice connect attempt 1 failed for guild 1530663295139319899: 
2026-07-25 16:18:51,787 - discord.voice_state - INFO - Connecting to voice...
2026-07-25 16:18:51,787 - discord.voice_state - INFO - Starting voice handshake... (connection attempt 1)
2026-07-25 16:18:51,957 - discord.voice_state - INFO - Voice handshake complete. Endpoint found: c-ord07-0d286eb2.discord.media
2026-07-25 16:18:52,069 - discord.voice_state - ERROR - Failed to connect to voice... Retrying in 1.0s...
Traceback (most recent call last):
  File "C:\Users\Andre Norris\kindroid-discord-bot\.venv\Lib\site-packages\discord\voice_state.py", line 413, in _inner_connect
    await self._handshake_websocket()
  File "C:\Users\Andre Norris\kindroid-discord-bot\.venv\Lib\site-packages\discord\voice_state.py", line 583, in _handshake_websocket
    await self.ws.poll_event()
  File "C:\Users\Andre Norris\kindroid-discord-bot\.venv\Lib\site-packages\discord\gateway.py", line 1039, in poll_event
    raise ConnectionClosed(self.ws, shard_id=None, code=self._close_code)
discord.errors.ConnectionClosed: Shard ID None WebSocket closed with 4006
2026-07-25 16:18:52,069 - discord.voice_state - INFO - The voice handshake is being terminated for Channel ID 1530663295818661992 (Guild ID 1530663295139319899)
2026-07-25 16:18:52,168 - cogs.commands - WARNING - Voice connect attempt 2 failed for guild 1530663295139319899: 
2026-07-25 16:18:53,067 - discord.voice_state - INFO - Starting voice handshake... (connection attempt 2)
2026-07-25 16:18:54,169 - discord.voice_state - INFO - Connecting to voice...
2026-07-25 16:18:54,169 - discord.voice_state - INFO - Starting voice handshake... (connection attempt 1)
2026-07-25 16:19:10,119 - discord.voice_state - INFO - The voice handshake is being terminated for Channel ID 1530663295818661992 (Guild ID 1530663295139319899)
2026-07-25 16:19:10,119 - discord.voice_state - INFO - The voice handshake is being terminated for Channel ID 1530663295818661992 (Guild ID 1530663295139319899)
2026-07-25 16:19:11,730 - cogs.commands - WARNING - Voice connect attempt 1 failed for guild 1530663295139319899: Already connected to a voice channel.
2026-07-25 16:19:11,730 - discord.voice_state - INFO - The voice handshake is being terminated for Channel ID 1530663295818661992 (Guild ID 1530663295139319899)
2026-07-25 16:19:11,730 - discord.voice_state - INFO - Connecting to voice...
2026-07-25 16:19:11,730 - discord.voice_state - INFO - Starting voice handshake... (connection attempt 1)
2026-07-25 16:19:11,873 - discord.voice_state - INFO - Voice handshake complete. Endpoint found: c-ord07-0d286eb2.discord.media
2026-07-25 16:19:11,989 - discord.voice_state - ERROR - Failed to connect to voice... Retrying in 1.0s...
Traceback (most recent call last):
  File "C:\Users\Andre Norris\kindroid-discord-bot\.venv\Lib\site-packages\discord\voice_state.py", line 413, in _inner_connect
    await self._handshake_websocket()
  File "C:\Users\Andre Norris\kindroid-discord-bot\.venv\Lib\site-packages\discord\voice_state.py", line 583, in _handshake_websocket
    await self.ws.poll_event()
  File "C:\Users\Andre Norris\kindroid-discord-bot\.venv\Lib\site-packages\discord\gateway.py", line 1039, in poll_event
    raise ConnectionClosed(self.ws, shard_id=None, code=self._close_code)
discord.errors.ConnectionClosed: Shard ID None WebSocket closed with 4006
2026-07-25 16:19:11,989 - discord.voice_state - INFO - The voice handshake is being terminated for Channel ID 1530663295818661992 (Guild ID 1530663295139319899)
2026-07-25 16:19:13,010 - discord.voice_state - INFO - Starting voice handshake... (connection attempt 2)
2026-07-25 16:19:14,086 - discord.voice_state - INFO - Connecting to voice...
2026-07-25 16:19:14,086 - discord.voice_state - INFO - Starting voice handshake... (connection attempt 1)
2026-07-25 16:19:17,076 - discord.voice_state - INFO - Timed out connecting to voice
2026-07-25 16:19:17,076 - discord.voice_state - INFO - The voice handshake is being terminated for Channel ID 1530663295818661992 (Guild ID 1530663295139319899)
2026-07-25 16:19:17,076 - discord.voice_state - INFO - The voice handshake is being terminated for Channel ID 1530663295818661992 (Guild ID 1530663295139319899)
2026-07-25 16:19:21,809 - discord.voice_state - INFO - Timed out connecting to voice
2026-07-25 16:19:21,809 - discord.voice_state - INFO - The voice handshake is being terminated for Channel ID 1530663295818661992 (Guild ID 1530663295139319899)
2026-07-25 16:19:21,809 - discord.voice_state - INFO - The voice handshake is being terminated for Channel ID 1530663295818661992 (Guild ID 1530663295139319899)
2026-07-25 16:19:24,167 - discord.voice_state - INFO - Timed out connecting to voice
2026-07-25 16:19:24,167 - discord.voice_state - INFO - The voice handshake is being terminated for Channel ID 1530663295818661992 (Guild ID 1530663295139319899)
2026-07-25 16:19:24,167 - discord.voice_state - INFO - The voice handshake is being terminated for Channel ID 1530663295818661992 (Guild ID 1530663295139319899)
2026-07-25 16:19:41,739 - discord.voice_state - INFO - Timed out connecting to voice
2026-07-25 16:19:41,740 - discord.voice_state - INFO - The voice handshake is being terminated for Channel ID 1530663295818661992 (Guild ID 1530663295139319899)
2026-07-25 16:19:41,740 - discord.voice_state - INFO - The voice handshake is being terminated for Channel ID 1530663295818661992 (Guild ID 1530663295139319899)
2026-07-25 16:19:44,096 - discord.voice_state - INFO - Timed out connecting to voice
2026-07-25 16:19:44,096 - discord.voice_state - INFO - The voice handshake is being terminated for Channel ID 1530663295818661992 (Guild ID 1530663295139319899)
2026-07-25 16:19:44,096 - discord.voice_state - INFO - The voice handshake is being terminated for Channel ID 1530663295818661992 (Guild ID 1530663295139319899)
2026-07-25 16:19:47,066 - cogs.commands - WARNING - Voice connect attempt 3 failed for guild 1530663295139319899: 
2026-07-25 16:19:49,088 - cogs.commands - ERROR - Failed to join voice channel
Traceback (most recent call last):
  File "C:\Users\Andre Norris\AppData\Local\Programs\Python\Python312\Lib\asyncio\tasks.py", line 520, in wait_for
    return await fut
           ^^^^^^^^^
  File "C:\Users\Andre Norris\kindroid-discord-bot\.venv\Lib\site-packages\discord\voice_state.py", line 407, in _inner_connect
    await self._wait_for_state(ConnectionFlowState.got_both_voice_updates)
  File "C:\Users\Andre Norris\kindroid-discord-bot\.venv\Lib\site-packages\discord\voice_state.py", line 559, in _wait_for_state
    await sane_wait_for([self._state_event.wait()], timeout=timeout)
  File "C:\Users\Andre Norris\kindroid-discord-bot\.venv\Lib\site-packages\discord\utils.py", line 735, in sane_wait_for
    done, pending = await asyncio.wait(ensured, timeout=timeout, return_when=asyncio.ALL_COMPLETED)
                    ^^^^^^^^^^^^^^^^^^^^^^^^^^^^^^^^^^^^^^^^^^^^^^^^^^^^^^^^^^^^^^^^^^^^^^^^^^^^^^^
  File "C:\Users\Andre Norris\AppData\Local\Programs\Python\Python312\Lib\asyncio\tasks.py", line 464, in wait
    return await _wait(fs, timeout, return_when, loop)
           ^^^^^^^^^^^^^^^^^^^^^^^^^^^^^^^^^^^^^^^^^^^
  File "C:\Users\Andre Norris\AppData\Local\Programs\Python\Python312\Lib\asyncio\tasks.py", line 550, in _wait
    await waiter
asyncio.exceptions.CancelledError

The above exception was the direct cause of the following exception:

Traceback (most recent call last):
  File "C:\Users\Andre Norris\kindroid-discord-bot\cogs\commands.py", line 154, in join
    await self._connect_voice_channel(ctx.guild, channel)
  File "C:\Users\Andre Norris\kindroid-discord-bot\cogs\commands.py", line 64, in _connect_voice_channel
    raise last_error or RuntimeError("Voice connection failed")
  File "C:\Users\Andre Norris\kindroid-discord-bot\cogs\commands.py", line 53, in _connect_voice_channel
    return await channel.connect(timeout=timeout, reconnect=True, cls=client_cls)
           ^^^^^^^^^^^^^^^^^^^^^^^^^^^^^^^^^^^^^^^^^^^^^^^^^^^^^^^^^^^^^^^^^^^^^^
  File "C:\Users\Andre Norris\kindroid-discord-bot\.venv\Lib\site-packages\discord\abc.py", line 1992, in connect
    await voice.connect(timeout=timeout, reconnect=reconnect, self_deaf=self_deaf, self_mute=self_mute)
  File "C:\Users\Andre Norris\kindroid-discord-bot\.venv\Lib\site-packages\discord\voice_client.py", line 306, in connect
    await self._connection.connect(
  File "C:\Users\Andre Norris\kindroid-discord-bot\.venv\Lib\site-packages\discord\voice_state.py", line 380, in connect
    await self._connector
  File "C:\Users\Andre Norris\kindroid-discord-bot\.venv\Lib\site-packages\discord\voice_state.py", line 384, in _wrap_connect
    await self._connect(*args)
  File "C:\Users\Andre Norris\kindroid-discord-bot\.venv\Lib\site-packages\discord\voice_state.py", line 429, in _connect
    await asyncio.wait_for(
  File "C:\Users\Andre Norris\AppData\Local\Programs\Python\Python312\Lib\asyncio\tasks.py", line 519, in wait_for
    async with timeouts.timeout(timeout):
               ^^^^^^^^^^^^^^^^^^^^^^^^^
  File "C:\Users\Andre Norris\AppData\Local\Programs\Python\Python312\Lib\asyncio\timeouts.py", line 115, in __aexit__
    raise TimeoutError from exc_val
TimeoutError
2026-07-25 16:19:51,828 - cogs.commands - WARNING - Voice connect attempt 2 failed for guild 1530663295139319899: 
2026-07-25 16:19:53,840 - discord.voice_state - INFO - Connecting to voice...
2026-07-25 16:19:53,840 - discord.voice_state - INFO - Starting voice handshake... (connection attempt 1)
2026-07-25 16:19:54,007 - discord.voice_state - INFO - Voice handshake complete. Endpoint found: c-ord07-0d286eb2.discord.media
2026-07-25 16:19:54,118 - discord.voice_state - ERROR - Failed to connect to voice... Retrying in 1.0s...
Traceback (most recent call last):
  File "C:\Users\Andre Norris\kindroid-discord-bot\.venv\Lib\site-packages\discord\voice_state.py", line 413, in _inner_connect
    await self._handshake_websocket()
  File "C:\Users\Andre Norris\kindroid-discord-bot\.venv\Lib\site-packages\discord\voice_state.py", line 583, in _handshake_websocket
    await self.ws.poll_event()
  File "C:\Users\Andre Norris\kindroid-discord-bot\.venv\Lib\site-packages\discord\gateway.py", line 1039, in poll_event
    raise ConnectionClosed(self.ws, shard_id=None, code=self._close_code)
discord.errors.ConnectionClosed: Shard ID None WebSocket closed with 4006
2026-07-25 16:19:54,118 - discord.voice_state - INFO - The voice handshake is being terminated for Channel ID 1530663295818661992 (Guild ID 1530663295139319899)
2026-07-25 16:19:54,172 - cogs.commands - WARNING - Voice connect attempt 3 failed for guild 1530663295139319899: 
2026-07-25 16:19:55,139 - discord.voice_state - INFO - Starting voice handshake... (connection attempt 2)
2026-07-25 16:19:56,185 - cogs.commands - ERROR - Failed to join voice channel
Traceback (most recent call last):
  File "C:\Users\Andre Norris\AppData\Local\Programs\Python\Python312\Lib\asyncio\tasks.py", line 520, in wait_for
    return await fut
           ^^^^^^^^^
  File "C:\Users\Andre Norris\kindroid-discord-bot\.venv\Lib\site-packages\discord\voice_state.py", line 407, in _inner_connect
    await self._wait_for_state(ConnectionFlowState.got_both_voice_updates)
  File "C:\Users\Andre Norris\kindroid-discord-bot\.venv\Lib\site-packages\discord\voice_state.py", line 559, in _wait_for_state
    await sane_wait_for([self._state_event.wait()], timeout=timeout)
  File "C:\Users\Andre Norris\kindroid-discord-bot\.venv\Lib\site-packages\discord\utils.py", line 735, in sane_wait_for
    done, pending = await asyncio.wait(ensured, timeout=timeout, return_when=asyncio.ALL_COMPLETED)
                    ^^^^^^^^^^^^^^^^^^^^^^^^^^^^^^^^^^^^^^^^^^^^^^^^^^^^^^^^^^^^^^^^^^^^^^^^^^^^^^^
  File "C:\Users\Andre Norris\AppData\Local\Programs\Python\Python312\Lib\asyncio\tasks.py", line 464, in wait
    return await _wait(fs, timeout, return_when, loop)
           ^^^^^^^^^^^^^^^^^^^^^^^^^^^^^^^^^^^^^^^^^^^
  File "C:\Users\Andre Norris\AppData\Local\Programs\Python\Python312\Lib\asyncio\tasks.py", line 550, in _wait
    await waiter
asyncio.exceptions.CancelledError

The above exception was the direct cause of the following exception:

Traceback (most recent call last):
  File "C:\Users\Andre Norris\kindroid-discord-bot\cogs\commands.py", line 154, in join
    await self._connect_voice_channel(ctx.guild, channel)
  File "C:\Users\Andre Norris\kindroid-discord-bot\cogs\commands.py", line 64, in _connect_voice_channel
    raise last_error or RuntimeError("Voice connection failed")
  File "C:\Users\Andre Norris\kindroid-discord-bot\cogs\commands.py", line 53, in _connect_voice_channel
    return await channel.connect(timeout=timeout, reconnect=True, cls=client_cls)
           ^^^^^^^^^^^^^^^^^^^^^^^^^^^^^^^^^^^^^^^^^^^^^^^^^^^^^^^^^^^^^^^^^^^^^^
  File "C:\Users\Andre Norris\kindroid-discord-bot\.venv\Lib\site-packages\discord\abc.py", line 1992, in connect
    await voice.connect(timeout=timeout, reconnect=reconnect, self_deaf=self_deaf, self_mute=self_mute)
  File "C:\Users\Andre Norris\kindroid-discord-bot\.venv\Lib\site-packages\discord\voice_client.py", line 306, in connect
    await self._connection.connect(
  File "C:\Users\Andre Norris\kindroid-discord-bot\.venv\Lib\site-packages\discord\voice_state.py", line 380, in connect
    await self._connector
  File "C:\Users\Andre Norris\kindroid-discord-bot\.venv\Lib\site-packages\discord\voice_state.py", line 384, in _wrap_connect
    await self._connect(*args)
  File "C:\Users\Andre Norris\kindroid-discord-bot\.venv\Lib\site-packages\discord\voice_state.py", line 429, in _connect
    await asyncio.wait_for(
  File "C:\Users\Andre Norris\AppData\Local\Programs\Python\Python312\Lib\asyncio\tasks.py", line 519, in wait_for
    async with timeouts.timeout(timeout):
               ^^^^^^^^^^^^^^^^^^^^^^^^^
  File "C:\Users\Andre Norris\AppData\Local\Programs\Python\Python312\Lib\asyncio\timeouts.py", line 115, in __aexit__
    raise TimeoutError from exc_val
TimeoutError
2026-07-25 16:20:11,748 - cogs.commands - WARNING - Voice connect attempt 1 failed for guild 1530663295139319899: 
2026-07-25 16:20:13,740 - discord.voice_state - INFO - Connecting to voice...
2026-07-25 16:20:13,740 - discord.voice_state - INFO - Starting voice handshake... (connection attempt 1)
2026-07-25 16:20:13,965 - discord.voice_state - INFO - Voice handshake complete. Endpoint found: c-ord07-0d286eb2.discord.media
2026-07-25 16:20:14,105 - cogs.commands - WARNING - Voice connect attempt 2 failed for guild 1530663295139319899: 
2026-07-25 16:20:14,105 - discord.voice_state - ERROR - Failed to connect to voice... Retrying in 1.0s...
Traceback (most recent call last):
  File "C:\Users\Andre Norris\kindroid-discord-bot\.venv\Lib\site-packages\discord\voice_state.py", line 413, in _inner_connect
    await self._handshake_websocket()
  File "C:\Users\Andre Norris\kindroid-discord-bot\.venv\Lib\site-packages\discord\voice_state.py", line 583, in _handshake_websocket
    await self.ws.poll_event()
  File "C:\Users\Andre Norris\kindroid-discord-bot\.venv\Lib\site-packages\discord\gateway.py", line 1039, in poll_event
    raise ConnectionClosed(self.ws, shard_id=None, code=self._close_code)
discord.errors.ConnectionClosed: Shard ID None WebSocket closed with 4006
2026-07-25 16:20:14,105 - discord.voice_state - INFO - The voice handshake is being terminated for Channel ID 1530663295818661992 (Guild ID 1530663295139319899)
2026-07-25 16:20:15,107 - discord.voice_state - INFO - Starting voice handshake... (connection attempt 2)
2026-07-25 16:20:16,097 - discord.voice_state - INFO - Connecting to voice...
2026-07-25 16:20:16,100 - discord.voice_state - INFO - Starting voice handshake... (connection attempt 1)
2026-07-25 16:20:23,839 - discord.voice_state - INFO - Timed out connecting to voice
2026-07-25 16:20:23,839 - discord.voice_state - INFO - The voice handshake is being terminated for Channel ID 1530663295818661992 (Guild ID 1530663295139319899)
2026-07-25 16:20:23,840 - discord.voice_state - INFO - The voice handshake is being terminated for Channel ID 1530663295818661992 (Guild ID 1530663295139319899)
2026-07-25 16:20:43,757 - discord.voice_state - INFO - Timed out connecting to voice
2026-07-25 16:20:43,757 - discord.voice_state - INFO - The voice handshake is being terminated for Channel ID 1530663295818661992 (Guild ID 1530663295139319899)
2026-07-25 16:20:43,757 - discord.voice_state - INFO - The voice handshake is being terminated for Channel ID 1530663295818661992 (Guild ID 1530663295139319899)
2026-07-25 16:20:46,111 - discord.voice_state - INFO - Timed out connecting to voice
2026-07-25 16:20:46,111 - discord.voice_state - INFO - The voice handshake is being terminated for Channel ID 1530663295818661992 (Guild ID 1530663295139319899)
2026-07-25 16:20:46,111 - discord.voice_state - INFO - The voice handshake is being terminated for Channel ID 1530663295818661992 (Guild ID 1530663295139319899)
2026-07-25 16:20:53,828 - cogs.commands - WARNING - Voice connect attempt 3 failed for guild 1530663295139319899: 
2026-07-25 16:20:55,827 - cogs.commands - ERROR - Failed to join voice channel
Traceback (most recent call last):
  File "C:\Users\Andre Norris\AppData\Local\Programs\Python\Python312\Lib\asyncio\tasks.py", line 520, in wait_for
    return await fut
           ^^^^^^^^^
  File "C:\Users\Andre Norris\kindroid-discord-bot\.venv\Lib\site-packages\discord\voice_state.py", line 407, in _inner_connect
    await self._wait_for_state(ConnectionFlowState.got_both_voice_updates)
  File "C:\Users\Andre Norris\kindroid-discord-bot\.venv\Lib\site-packages\discord\voice_state.py", line 559, in _wait_for_state
    await sane_wait_for([self._state_event.wait()], timeout=timeout)
  File "C:\Users\Andre Norris\kindroid-discord-bot\.venv\Lib\site-packages\discord\utils.py", line 735, in sane_wait_for
    done, pending = await asyncio.wait(ensured, timeout=timeout, return_when=asyncio.ALL_COMPLETED)
                    ^^^^^^^^^^^^^^^^^^^^^^^^^^^^^^^^^^^^^^^^^^^^^^^^^^^^^^^^^^^^^^^^^^^^^^^^^^^^^^^
  File "C:\Users\Andre Norris\AppData\Local\Programs\Python\Python312\Lib\asyncio\tasks.py", line 464, in wait
    return await _wait(fs, timeout, return_when, loop)
           ^^^^^^^^^^^^^^^^^^^^^^^^^^^^^^^^^^^^^^^^^^^
  File "C:\Users\Andre Norris\AppData\Local\Programs\Python\Python312\Lib\asyncio\tasks.py", line 550, in _wait
    await waiter
asyncio.exceptions.CancelledError

The above exception was the direct cause of the following exception:

Traceback (most recent call last):
  File "C:\Users\Andre Norris\kindroid-discord-bot\cogs\commands.py", line 154, in join
    await self._connect_voice_channel(ctx.guild, channel)
  File "C:\Users\Andre Norris\kindroid-discord-bot\cogs\commands.py", line 64, in _connect_voice_channel
    raise last_error or RuntimeError("Voice connection failed")
  File "C:\Users\Andre Norris\kindroid-discord-bot\cogs\commands.py", line 53, in _connect_voice_channel
    return await channel.connect(timeout=timeout, reconnect=True, cls=client_cls)
           ^^^^^^^^^^^^^^^^^^^^^^^^^^^^^^^^^^^^^^^^^^^^^^^^^^^^^^^^^^^^^^^^^^^^^^
  File "C:\Users\Andre Norris\kindroid-discord-bot\.venv\Lib\site-packages\discord\abc.py", line 1992, in connect
    await voice.connect(timeout=timeout, reconnect=reconnect, self_deaf=self_deaf, self_mute=self_mute)
  File "C:\Users\Andre Norris\kindroid-discord-bot\.venv\Lib\site-packages\discord\voice_client.py", line 306, in connect
    await self._connection.connect(
  File "C:\Users\Andre Norris\kindroid-discord-bot\.venv\Lib\site-packages\discord\voice_state.py", line 380, in connect
    await self._connector
  File "C:\Users\Andre Norris\kindroid-discord-bot\.venv\Lib\site-packages\discord\voice_state.py", line 384, in _wrap_connect
    await self._connect(*args)
  File "C:\Users\Andre Norris\kindroid-discord-bot\.venv\Lib\site-packages\discord\voice_state.py", line 429, in _connect
    await asyncio.wait_for(
  File "C:\Users\Andre Norris\AppData\Local\Programs\Python\Python312\Lib\asyncio\tasks.py", line 519, in wait_for
    async with timeouts.timeout(timeout):
               ^^^^^^^^^^^^^^^^^^^^^^^^^
  File "C:\Users\Andre Norris\AppData\Local\Programs\Python\Python312\Lib\asyncio\timeouts.py", line 115, in __aexit__
    raise TimeoutError from exc_val
TimeoutError
2026-07-25 16:21:13,778 - cogs.commands - WARNING - Voice connect attempt 2 failed for guild 1530663295139319899: 
2026-07-25 16:21:15,789 - discord.voice_state - INFO - Connecting to voice...
2026-07-25 16:21:15,789 - discord.voice_state - INFO - Starting voice handshake... (connection attempt 1)
2026-07-25 16:21:15,973 - discord.voice_state - INFO - Voice handshake complete. Endpoint found: c-ord07-0d286eb2.discord.media
2026-07-25 16:21:16,081 - discord.voice_state - ERROR - Failed to connect to voice... Retrying in 1.0s...
Traceback (most recent call last):
  File "C:\Users\Andre Norris\kindroid-discord-bot\.venv\Lib\site-packages\discord\voice_state.py", line 413, in _inner_connect
    await self._handshake_websocket()
  File "C:\Users\Andre Norris\kindroid-discord-bot\.venv\Lib\site-packages\discord\voice_state.py", line 583, in _handshake_websocket
    await self.ws.poll_event()
  File "C:\Users\Andre Norris\kindroid-discord-bot\.venv\Lib\site-packages\discord\gateway.py", line 1039, in poll_event
    raise ConnectionClosed(self.ws, shard_id=None, code=self._close_code)
discord.errors.ConnectionClosed: Shard ID None WebSocket closed with 4006
2026-07-25 16:21:16,081 - discord.voice_state - INFO - The voice handshake is being terminated for Channel ID 1530663295818661992 (Guild ID 1530663295139319899)
2026-07-25 16:21:16,116 - cogs.commands - WARNING - Voice connect attempt 3 failed for guild 1530663295139319899: 
2026-07-25 16:21:17,098 - discord.voice_state - INFO - Starting voice handshake... (connection attempt 2)
2026-07-25 16:21:18,125 - cogs.commands - ERROR - Failed to join voice channel
Traceback (most recent call last):
  File "C:\Users\Andre Norris\AppData\Local\Programs\Python\Python312\Lib\asyncio\tasks.py", line 520, in wait_for
    return await fut
           ^^^^^^^^^
  File "C:\Users\Andre Norris\kindroid-discord-bot\.venv\Lib\site-packages\discord\voice_state.py", line 407, in _inner_connect
    await self._wait_for_state(ConnectionFlowState.got_both_voice_updates)
  File "C:\Users\Andre Norris\kindroid-discord-bot\.venv\Lib\site-packages\discord\voice_state.py", line 559, in _wait_for_state
    await sane_wait_for([self._state_event.wait()], timeout=timeout)
  File "C:\Users\Andre Norris\kindroid-discord-bot\.venv\Lib\site-packages\discord\utils.py", line 735, in sane_wait_for
    done, pending = await asyncio.wait(ensured, timeout=timeout, return_when=asyncio.ALL_COMPLETED)
                    ^^^^^^^^^^^^^^^^^^^^^^^^^^^^^^^^^^^^^^^^^^^^^^^^^^^^^^^^^^^^^^^^^^^^^^^^^^^^^^^
  File "C:\Users\Andre Norris\AppData\Local\Programs\Python\Python312\Lib\asyncio\tasks.py", line 464, in wait
    return await _wait(fs, timeout, return_when, loop)
           ^^^^^^^^^^^^^^^^^^^^^^^^^^^^^^^^^^^^^^^^^^^
  File "C:\Users\Andre Norris\AppData\Local\Programs\Python\Python312\Lib\asyncio\tasks.py", line 550, in _wait
    await waiter
asyncio.exceptions.CancelledError

The above exception was the direct cause of the following exception:

Traceback (most recent call last):
  File "C:\Users\Andre Norris\kindroid-discord-bot\cogs\commands.py", line 154, in join
    await self._connect_voice_channel(ctx.guild, channel)
  File "C:\Users\Andre Norris\kindroid-discord-bot\cogs\commands.py", line 64, in _connect_voice_channel
    raise last_error or RuntimeError("Voice connection failed")
  File "C:\Users\Andre Norris\kindroid-discord-bot\cogs\commands.py", line 53, in _connect_voice_channel
    return await channel.connect(timeout=timeout, reconnect=True, cls=client_cls)
           ^^^^^^^^^^^^^^^^^^^^^^^^^^^^^^^^^^^^^^^^^^^^^^^^^^^^^^^^^^^^^^^^^^^^^^
  File "C:\Users\Andre Norris\kindroid-discord-bot\.venv\Lib\site-packages\discord\abc.py", line 1992, in connect
    await voice.connect(timeout=timeout, reconnect=reconnect, self_deaf=self_deaf, self_mute=self_mute)
  File "C:\Users\Andre Norris\kindroid-discord-bot\.venv\Lib\site-packages\discord\voice_client.py", line 306, in connect
    await self._connection.connect(
  File "C:\Users\Andre Norris\kindroid-discord-bot\.venv\Lib\site-packages\discord\voice_state.py", line 380, in connect
    await self._connector
  File "C:\Users\Andre Norris\kindroid-discord-bot\.venv\Lib\site-packages\discord\voice_state.py", line 384, in _wrap_connect
    await self._connect(*args)
  File "C:\Users\Andre Norris\kindroid-discord-bot\.venv\Lib\site-packages\discord\voice_state.py", line 429, in _connect
    await asyncio.wait_for(
  File "C:\Users\Andre Norris\AppData\Local\Programs\Python\Python312\Lib\asyncio\tasks.py", line 519, in wait_for
    async with timeouts.timeout(timeout):
               ^^^^^^^^^^^^^^^^^^^^^^^^^
  File "C:\Users\Andre Norris\AppData\Local\Programs\Python\Python312\Lib\asyncio\timeouts.py", line 115, in __aexit__
    raise TimeoutError from exc_val
TimeoutError
2026-07-25 16:21:45,789 - discord.voice_state - INFO - Timed out connecting to voice
2026-07-25 16:21:45,789 - discord.voice_state - INFO - The voice handshake is being terminated for Channel ID 1530663295818661992 (Guild ID 1530663295139319899)
2026-07-25 16:21:45,790 - discord.voice_state - INFO - The voice handshake is being terminated for Channel ID 1530663295818661992 (Guild ID 1530663295139319899)
2026-07-25 16:22:15,787 - cogs.commands - WARNING - Voice connect attempt 3 failed for guild 1530663295139319899: 
2026-07-25 16:22:17,789 - cogs.commands - ERROR - Failed to join voice channel
Traceback (most recent call last):
  File "C:\Users\Andre Norris\AppData\Local\Programs\Python\Python312\Lib\asyncio\tasks.py", line 520, in wait_for
    return await fut
           ^^^^^^^^^
  File "C:\Users\Andre Norris\kindroid-discord-bot\.venv\Lib\site-packages\discord\voice_state.py", line 407, in _inner_connect
    await self._wait_for_state(ConnectionFlowState.got_both_voice_updates)
  File "C:\Users\Andre Norris\kindroid-discord-bot\.venv\Lib\site-packages\discord\voice_state.py", line 559, in _wait_for_state
    await sane_wait_for([self._state_event.wait()], timeout=timeout)
  File "C:\Users\Andre Norris\kindroid-discord-bot\.venv\Lib\site-packages\discord\utils.py", line 735, in sane_wait_for
    done, pending = await asyncio.wait(ensured, timeout=timeout, return_when=asyncio.ALL_COMPLETED)
                    ^^^^^^^^^^^^^^^^^^^^^^^^^^^^^^^^^^^^^^^^^^^^^^^^^^^^^^^^^^^^^^^^^^^^^^^^^^^^^^^
  File "C:\Users\Andre Norris\AppData\Local\Programs\Python\Python312\Lib\asyncio\tasks.py", line 464, in wait
    return await _wait(fs, timeout, return_when, loop)
           ^^^^^^^^^^^^^^^^^^^^^^^^^^^^^^^^^^^^^^^^^^^
  File "C:\Users\Andre Norris\AppData\Local\Programs\Python\Python312\Lib\asyncio\tasks.py", line 550, in _wait
    await waiter
asyncio.exceptions.CancelledError

The above exception was the direct cause of the following exception:

Traceback (most recent call last):
  File "C:\Users\Andre Norris\kindroid-discord-bot\cogs\commands.py", line 154, in join
    await self._connect_voice_channel(ctx.guild, channel)
  File "C:\Users\Andre Norris\kindroid-discord-bot\cogs\commands.py", line 64, in _connect_voice_channel
    raise last_error or RuntimeError("Voice connection failed")
  File "C:\Users\Andre Norris\kindroid-discord-bot\cogs\commands.py", line 53, in _connect_voice_channel
    return await channel.connect(timeout=timeout, reconnect=True, cls=client_cls)
           ^^^^^^^^^^^^^^^^^^^^^^^^^^^^^^^^^^^^^^^^^^^^^^^^^^^^^^^^^^^^^^^^^^^^^^
  File "C:\Users\Andre Norris\kindroid-discord-bot\.venv\Lib\site-packages\discord\abc.py", line 1992, in connect
    await voice.connect(timeout=timeout, reconnect=reconnect, self_deaf=self_deaf, self_mute=self_mute)
  File "C:\Users\Andre Norris\kindroid-discord-bot\.venv\Lib\site-packages\discord\voice_client.py", line 306, in connect
    await self._connection.connect(
  File "C:\Users\Andre Norris\kindroid-discord-bot\.venv\Lib\site-packages\discord\voice_state.py", line 380, in connect
    await self._connector
  File "C:\Users\Andre Norris\kindroid-discord-bot\.venv\Lib\site-packages\discord\voice_state.py", line 384, in _wrap_connect
    await self._connect(*args)
  File "C:\Users\Andre Norris\kindroid-discord-bot\.venv\Lib\site-packages\discord\voice_state.py", line 429, in _connect
    await asyncio.wait_for(
  File "C:\Users\Andre Norris\AppData\Local\Programs\Python\Python312\Lib\asyncio\tasks.py", line 519, in wait_for
    async with timeouts.timeout(timeout):
               ^^^^^^^^^^^^^^^^^^^^^^^^^
  File "C:\Users\Andre Norris\AppData\Local\Programs\Python\Python312\Lib\asyncio\timeouts.py", line 115, in __aexit__
    raise TimeoutError from exc_val
TimeoutError
2026-07-25 16:46:32,079 - __main__ - INFO - Kindroid client initialized
2026-07-25 16:46:32,237 - __main__ - INFO - Loaded cog: cogs.commands
2026-07-25 16:46:32,247 - __main__ - INFO - Loaded cog: cogs.homecare
2026-07-25 16:46:32,247 - __main__ - INFO - Loaded cog: cogs.messages
2026-07-25 16:46:32,254 - cogs.voice_conversation - INFO - VoiceConversationCog loaded -- STT engine: google
2026-07-25 16:46:32,254 - __main__ - INFO - Loaded cog: cogs.voice_conversation
2026-07-25 16:46:32,254 - __main__ - INFO - Starting Discord bot...
2026-07-25 16:46:32,254 - discord.client - INFO - logging in using static token
2026-07-25 16:46:33,121 - discord.gateway - INFO - Shard ID None has connected to Gateway (Session ID: 44d85b8256f2defc4439725081e3d2c5).
2026-07-25 16:46:35,133 - __main__ - INFO - Bot logged in as Irene Gallagher#2633 (ID: 1529996285141319802)
2026-07-25 16:48:56,554 - cogs.commands - WARNING - Voice connect attempt 1 failed for guild 1530663295139319899: Already connected to a voice channel.
2026-07-25 16:48:56,554 - discord.voice_state - INFO - The voice handshake is being terminated for Channel ID 1530663295818661992 (Guild ID 1530663295139319899)
2026-07-25 16:48:56,554 - discord.voice_state - INFO - Connecting to voice...
2026-07-25 16:48:56,554 - discord.voice_state - INFO - Starting voice handshake... (connection attempt 1)
2026-07-25 16:48:56,779 - discord.voice_state - INFO - Voice handshake complete. Endpoint found: c-ord08-331171df.discord.media
2026-07-25 16:48:57,991 - discord.voice_state - ERROR - Failed to connect to voice... Retrying in 1.0s...
Traceback (most recent call last):
  File "C:\Users\Andre Norris\kindroid-discord-bot\.venv\Lib\site-packages\discord\voice_state.py", line 413, in _inner_connect
    await self._handshake_websocket()
  File "C:\Users\Andre Norris\kindroid-discord-bot\.venv\Lib\site-packages\discord\voice_state.py", line 583, in _handshake_websocket
    await self.ws.poll_event()
  File "C:\Users\Andre Norris\kindroid-discord-bot\.venv\Lib\site-packages\discord\gateway.py", line 1039, in poll_event
    raise ConnectionClosed(self.ws, shard_id=None, code=self._close_code)
discord.errors.ConnectionClosed: Shard ID None WebSocket closed with 4006
2026-07-25 16:48:57,994 - discord.voice_state - INFO - The voice handshake is being terminated for Channel ID 1530663295818661992 (Guild ID 1530663295139319899)
2026-07-25 16:48:59,002 - discord.voice_state - INFO - Starting voice handshake... (connection attempt 2)
2026-07-25 16:49:00,089 - discord.voice_state - INFO - Connecting to voice...
2026-07-25 16:49:00,089 - discord.voice_state - INFO - Starting voice handshake... (connection attempt 1)
2026-07-25 16:49:26,568 - discord.voice_state - INFO - Timed out connecting to voice
2026-07-25 16:49:26,568 - discord.voice_state - INFO - The voice handshake is being terminated for Channel ID 1530663295818661992 (Guild ID 1530663295139319899)
2026-07-25 16:49:26,569 - discord.voice_state - INFO - The voice handshake is being terminated for Channel ID 1530663295818661992 (Guild ID 1530663295139319899)
2026-07-25 16:49:30,094 - discord.voice_state - INFO - Timed out connecting to voice
2026-07-25 16:49:30,094 - discord.voice_state - INFO - The voice handshake is being terminated for Channel ID 1530663295818661992 (Guild ID 1530663295139319899)
2026-07-25 16:49:30,095 - discord.voice_state - INFO - The voice handshake is being terminated for Channel ID 1530663295818661992 (Guild ID 1530663295139319899)
2026-07-25 16:49:56,739 - cogs.commands - WARNING - Voice connect attempt 1 failed for guild 1530663295139319899: 
2026-07-25 16:49:58,740 - discord.voice_state - INFO - Connecting to voice...
2026-07-25 16:49:58,740 - discord.voice_state - INFO - Starting voice handshake... (connection attempt 1)
2026-07-25 16:49:58,916 - discord.voice_state - INFO - Voice handshake complete. Endpoint found: c-ord08-331171df.discord.media
2026-07-25 16:49:59,022 - discord.voice_state - ERROR - Failed to connect to voice... Retrying in 1.0s...
Traceback (most recent call last):
  File "C:\Users\Andre Norris\kindroid-discord-bot\.venv\Lib\site-packages\discord\voice_state.py", line 413, in _inner_connect
    await self._handshake_websocket()
  File "C:\Users\Andre Norris\kindroid-discord-bot\.venv\Lib\site-packages\discord\voice_state.py", line 583, in _handshake_websocket
    await self.ws.poll_event()
  File "C:\Users\Andre Norris\kindroid-discord-bot\.venv\Lib\site-packages\discord\gateway.py", line 1039, in poll_event
    raise ConnectionClosed(self.ws, shard_id=None, code=self._close_code)
discord.errors.ConnectionClosed: Shard ID None WebSocket closed with 4006
2026-07-25 16:49:59,022 - discord.voice_state - INFO - The voice handshake is being terminated for Channel ID 1530663295818661992 (Guild ID 1530663295139319899)
2026-07-25 16:50:00,024 - discord.voice_state - INFO - Starting voice handshake... (connection attempt 2)
2026-07-25 16:50:00,117 - cogs.commands - WARNING - Voice connect attempt 2 failed for guild 1530663295139319899: 
2026-07-25 16:50:02,125 - discord.voice_state - INFO - Connecting to voice...
2026-07-25 16:50:02,126 - discord.voice_state - INFO - Starting voice handshake... (connection attempt 1)
2026-07-25 16:50:02,309 - discord.voice_state - INFO - Voice handshake complete. Endpoint found: c-ord08-331171df.discord.media
2026-07-25 16:50:02,439 - discord.voice_state - ERROR - Failed to connect to voice... Retrying in 1.0s...
Traceback (most recent call last):
  File "C:\Users\Andre Norris\kindroid-discord-bot\.venv\Lib\site-packages\discord\voice_state.py", line 413, in _inner_connect
    await self._handshake_websocket()
  File "C:\Users\Andre Norris\kindroid-discord-bot\.venv\Lib\site-packages\discord\voice_state.py", line 583, in _handshake_websocket
    await self.ws.poll_event()
  File "C:\Users\Andre Norris\kindroid-discord-bot\.venv\Lib\site-packages\discord\gateway.py", line 1039, in poll_event
    raise ConnectionClosed(self.ws, shard_id=None, code=self._close_code)
discord.errors.ConnectionClosed: Shard ID None WebSocket closed with 4006
2026-07-25 16:50:02,439 - discord.voice_state - INFO - The voice handshake is being terminated for Channel ID 1530663295818661992 (Guild ID 1530663295139319899)
2026-07-25 16:50:03,466 - discord.voice_state - INFO - Starting voice handshake... (connection attempt 2)
2026-07-25 16:50:03,607 - discord.voice_state - INFO - Voice handshake complete. Endpoint found: c-ord08-331171df.discord.media
2026-07-25 16:50:03,731 - discord.voice_state - ERROR - Failed to connect to voice... Retrying in 3.0s...
Traceback (most recent call last):
  File "C:\Users\Andre Norris\kindroid-discord-bot\.venv\Lib\site-packages\discord\voice_state.py", line 413, in _inner_connect
    await self._handshake_websocket()
  File "C:\Users\Andre Norris\kindroid-discord-bot\.venv\Lib\site-packages\discord\voice_state.py", line 583, in _handshake_websocket
    await self.ws.poll_event()
  File "C:\Users\Andre Norris\kindroid-discord-bot\.venv\Lib\site-packages\discord\gateway.py", line 1039, in poll_event
    raise ConnectionClosed(self.ws, shard_id=None, code=self._close_code)
discord.errors.ConnectionClosed: Shard ID None WebSocket closed with 4006
2026-07-25 16:50:03,732 - discord.voice_state - INFO - The voice handshake is being terminated for Channel ID 1530663295818661992 (Guild ID 1530663295139319899)
2026-07-25 16:50:06,725 - discord.voice_state - INFO - Starting voice handshake... (connection attempt 3)
2026-07-25 16:50:06,918 - discord.voice_state - INFO - Voice handshake complete. Endpoint found: c-ord08-331171df.discord.media
2026-07-25 16:50:07,083 - discord.voice_state - ERROR - Failed to connect to voice... Retrying in 5.0s...
Traceback (most recent call last):
  File "C:\Users\Andre Norris\kindroid-discord-bot\.venv\Lib\site-packages\discord\voice_state.py", line 413, in _inner_connect
    await self._handshake_websocket()
  File "C:\Users\Andre Norris\kindroid-discord-bot\.venv\Lib\site-packages\discord\voice_state.py", line 583, in _handshake_websocket
    await self.ws.poll_event()
  File "C:\Users\Andre Norris\kindroid-discord-bot\.venv\Lib\site-packages\discord\gateway.py", line 1039, in poll_event
    raise ConnectionClosed(self.ws, shard_id=None, code=self._close_code)
discord.errors.ConnectionClosed: Shard ID None WebSocket closed with 4006
2026-07-25 16:50:07,085 - discord.voice_state - INFO - The voice handshake is being terminated for Channel ID 1530663295818661992 (Guild ID 1530663295139319899)
2026-07-25 16:50:12,075 - discord.voice_state - INFO - Starting voice handshake... (connection attempt 4)
2026-07-25 16:50:12,278 - discord.voice_state - INFO - Voice handshake complete. Endpoint found: c-ord08-331171df.discord.media
2026-07-25 16:50:12,413 - discord.voice_state - ERROR - Failed to connect to voice... Retrying in 7.0s...
Traceback (most recent call last):
  File "C:\Users\Andre Norris\kindroid-discord-bot\.venv\Lib\site-packages\discord\voice_state.py", line 413, in _inner_connect
    await self._handshake_websocket()
  File "C:\Users\Andre Norris\kindroid-discord-bot\.venv\Lib\site-packages\discord\voice_state.py", line 583, in _handshake_websocket
    await self.ws.poll_event()
  File "C:\Users\Andre Norris\kindroid-discord-bot\.venv\Lib\site-packages\discord\gateway.py", line 1039, in poll_event
    raise ConnectionClosed(self.ws, shard_id=None, code=self._close_code)
discord.errors.ConnectionClosed: Shard ID None WebSocket closed with 4006
2026-07-25 16:50:12,414 - discord.voice_state - INFO - The voice handshake is being terminated for Channel ID 1530663295818661992 (Guild ID 1530663295139319899)
2026-07-25 16:50:19,425 - discord.voice_state - INFO - Starting voice handshake... (connection attempt 5)
2026-07-25 16:50:19,602 - discord.voice_state - INFO - Voice handshake complete. Endpoint found: c-ord08-331171df.discord.media
2026-07-25 16:50:19,741 - discord.voice_state - ERROR - Failed to connect to voice... Retrying in 9.0s...
Traceback (most recent call last):
  File "C:\Users\Andre Norris\kindroid-discord-bot\.venv\Lib\site-packages\discord\voice_state.py", line 413, in _inner_connect
    await self._handshake_websocket()
  File "C:\Users\Andre Norris\kindroid-discord-bot\.venv\Lib\site-packages\discord\voice_state.py", line 583, in _handshake_websocket
    await self.ws.poll_event()
  File "C:\Users\Andre Norris\kindroid-discord-bot\.venv\Lib\site-packages\discord\gateway.py", line 1039, in poll_event
    raise ConnectionClosed(self.ws, shard_id=None, code=self._close_code)
discord.errors.ConnectionClosed: Shard ID None WebSocket closed with 4006
2026-07-25 16:50:19,742 - discord.voice_state - INFO - The voice handshake is being terminated for Channel ID 1530663295818661992 (Guild ID 1530663295139319899)
2026-07-25 16:50:28,744 - discord.voice_state - INFO - Voice connection complete.
2026-07-25 16:50:28,744 - discord.voice_state - INFO - Timed out connecting to voice
2026-07-25 16:50:28,744 - discord.voice_state - INFO - The voice handshake is being terminated for Channel ID 1530663295818661992 (Guild ID 1530663295139319899)
2026-07-25 16:50:28,745 - discord.voice_state - INFO - Disconnecting from voice normally, close code 1000.
2026-07-25 16:50:28,745 - discord.voice_state - INFO - The voice handshake is being terminated for Channel ID 1530663295818661992 (Guild ID 1530663295139319899)
2026-07-25 16:50:28,746 - discord.voice_state - INFO - The voice handshake is being terminated for Channel ID 1530663295818661992 (Guild ID 1530663295139319899)
2026-07-25 16:50:58,746 - cogs.commands - WARNING - Voice connect attempt 2 failed for guild 1530663295139319899: 
2026-07-25 16:51:00,759 - discord.voice_state - INFO - Connecting to voice...
2026-07-25 16:51:00,759 - discord.voice_state - INFO - Starting voice handshake... (connection attempt 1)
2026-07-25 16:51:00,947 - discord.voice_state - INFO - Voice handshake complete. Endpoint found: c-ord08-331171df.discord.media
2026-07-25 16:51:01,091 - discord.voice_state - ERROR - Failed to connect to voice... Retrying in 1.0s...
Traceback (most recent call last):
  File "C:\Users\Andre Norris\kindroid-discord-bot\.venv\Lib\site-packages\discord\voice_state.py", line 413, in _inner_connect
    await self._handshake_websocket()
  File "C:\Users\Andre Norris\kindroid-discord-bot\.venv\Lib\site-packages\discord\voice_state.py", line 583, in _handshake_websocket
    await self.ws.poll_event()
  File "C:\Users\Andre Norris\kindroid-discord-bot\.venv\Lib\site-packages\discord\gateway.py", line 1039, in poll_event
    raise ConnectionClosed(self.ws, shard_id=None, code=self._close_code)
discord.errors.ConnectionClosed: Shard ID None WebSocket closed with 4006
2026-07-25 16:51:01,092 - discord.voice_state - INFO - The voice handshake is being terminated for Channel ID 1530663295818661992 (Guild ID 1530663295139319899)
2026-07-25 16:51:02,069 - discord.voice_state - INFO - Starting voice handshake... (connection attempt 2)
2026-07-25 16:51:02,242 - discord.voice_state - INFO - Voice handshake complete. Endpoint found: c-ord08-331171df.discord.media
2026-07-25 16:51:02,397 - discord.voice_state - ERROR - Failed to connect to voice... Retrying in 3.0s...
Traceback (most recent call last):
  File "C:\Users\Andre Norris\kindroid-discord-bot\.venv\Lib\site-packages\discord\voice_state.py", line 413, in _inner_connect
    await self._handshake_websocket()
  File "C:\Users\Andre Norris\kindroid-discord-bot\.venv\Lib\site-packages\discord\voice_state.py", line 583, in _handshake_websocket
    await self.ws.poll_event()
  File "C:\Users\Andre Norris\kindroid-discord-bot\.venv\Lib\site-packages\discord\gateway.py", line 1039, in poll_event
    raise ConnectionClosed(self.ws, shard_id=None, code=self._close_code)
discord.errors.ConnectionClosed: Shard ID None WebSocket closed with 4006
2026-07-25 16:51:02,397 - discord.voice_state - INFO - The voice handshake is being terminated for Channel ID 1530663295818661992 (Guild ID 1530663295139319899)
2026-07-25 16:51:05,403 - discord.voice_state - INFO - Starting voice handshake... (connection attempt 3)
2026-07-25 16:51:05,590 - discord.voice_state - INFO - Voice handshake complete. Endpoint found: c-ord08-331171df.discord.media
2026-07-25 16:51:05,724 - discord.voice_state - ERROR - Failed to connect to voice... Retrying in 5.0s...
Traceback (most recent call last):
  File "C:\Users\Andre Norris\kindroid-discord-bot\.venv\Lib\site-packages\discord\voice_state.py", line 413, in _inner_connect
    await self._handshake_websocket()
  File "C:\Users\Andre Norris\kindroid-discord-bot\.venv\Lib\site-packages\discord\voice_state.py", line 583, in _handshake_websocket
    await self.ws.poll_event()
  File "C:\Users\Andre Norris\kindroid-discord-bot\.venv\Lib\site-packages\discord\gateway.py", line 1039, in poll_event
    raise ConnectionClosed(self.ws, shard_id=None, code=self._close_code)
discord.errors.ConnectionClosed: Shard ID None WebSocket closed with 4006
2026-07-25 16:51:05,725 - discord.voice_state - INFO - The voice handshake is being terminated for Channel ID 1530663295818661992 (Guild ID 1530663295139319899)
2026-07-25 16:51:10,724 - discord.voice_state - INFO - Starting voice handshake... (connection attempt 4)
2026-07-25 16:51:10,905 - discord.voice_state - INFO - Voice handshake complete. Endpoint found: c-ord08-331171df.discord.media
2026-07-25 16:51:11,020 - discord.voice_state - ERROR - Failed to connect to voice... Retrying in 7.0s...
Traceback (most recent call last):
  File "C:\Users\Andre Norris\kindroid-discord-bot\.venv\Lib\site-packages\discord\voice_state.py", line 413, in _inner_connect
    await self._handshake_websocket()
  File "C:\Users\Andre Norris\kindroid-discord-bot\.venv\Lib\site-packages\discord\voice_state.py", line 583, in _handshake_websocket
    await self.ws.poll_event()
  File "C:\Users\Andre Norris\kindroid-discord-bot\.venv\Lib\site-packages\discord\gateway.py", line 1039, in poll_event
    raise ConnectionClosed(self.ws, shard_id=None, code=self._close_code)
discord.errors.ConnectionClosed: Shard ID None WebSocket closed with 4006
2026-07-25 16:51:11,021 - discord.voice_state - INFO - The voice handshake is being terminated for Channel ID 1530663295818661992 (Guild ID 1530663295139319899)
2026-07-25 16:51:18,031 - discord.voice_state - INFO - Starting voice handshake... (connection attempt 5)
2026-07-25 16:51:18,211 - discord.voice_state - INFO - Voice handshake complete. Endpoint found: c-ord08-331171df.discord.media
2026-07-25 16:51:18,359 - discord.voice_state - ERROR - Failed to connect to voice... Retrying in 9.0s...
Traceback (most recent call last):
  File "C:\Users\Andre Norris\kindroid-discord-bot\.venv\Lib\site-packages\discord\voice_state.py", line 413, in _inner_connect
    await self._handshake_websocket()
  File "C:\Users\Andre Norris\kindroid-discord-bot\.venv\Lib\site-packages\discord\voice_state.py", line 583, in _handshake_websocket
    await self.ws.poll_event()
  File "C:\Users\Andre Norris\kindroid-discord-bot\.venv\Lib\site-packages\discord\gateway.py", line 1039, in poll_event
    raise ConnectionClosed(self.ws, shard_id=None, code=self._close_code)
discord.errors.ConnectionClosed: Shard ID None WebSocket closed with 4006
2026-07-25 16:51:18,359 - discord.voice_state - INFO - The voice handshake is being terminated for Channel ID 1530663295818661992 (Guild ID 1530663295139319899)
2026-07-25 16:51:27,371 - discord.voice_state - INFO - Voice connection complete.
2026-07-25 16:51:27,371 - discord.voice_state - INFO - Disconnecting from voice normally, close code 1000.
2026-07-25 16:51:27,371 - discord.voice_state - INFO - The voice handshake is being terminated for Channel ID 1530663295818661992 (Guild ID 1530663295139319899)
2026-07-25 17:23:31,287 - cogs.commands - WARNING - Voice connect attempt 1 failed for guild 1530663295139319899: Already connected to a voice channel.
2026-07-25 17:23:31,288 - discord.voice_state - INFO - The voice handshake is being terminated for Channel ID 1530663295818661992 (Guild ID 1530663295139319899)
2026-07-25 17:23:31,289 - discord.voice_state - INFO - Connecting to voice...
2026-07-25 17:23:31,289 - discord.voice_state - INFO - Starting voice handshake... (connection attempt 1)
2026-07-25 17:23:31,490 - discord.voice_state - INFO - Voice handshake complete. Endpoint found: c-ord07-43b7bf14.discord.media
2026-07-25 17:23:31,676 - discord.voice_state - ERROR - Failed to connect to voice... Retrying in 1.0s...
Traceback (most recent call last):
  File "C:\Users\Andre Norris\kindroid-discord-bot\.venv\Lib\site-packages\discord\voice_state.py", line 413, in _inner_connect
    await self._handshake_websocket()
  File "C:\Users\Andre Norris\kindroid-discord-bot\.venv\Lib\site-packages\discord\voice_state.py", line 583, in _handshake_websocket
    await self.ws.poll_event()
  File "C:\Users\Andre Norris\kindroid-discord-bot\.venv\Lib\site-packages\discord\gateway.py", line 1039, in poll_event
    raise ConnectionClosed(self.ws, shard_id=None, code=self._close_code)
discord.errors.ConnectionClosed: Shard ID None WebSocket closed with 4006
2026-07-25 17:23:31,677 - discord.voice_state - INFO - The voice handshake is being terminated for Channel ID 1530663295818661992 (Guild ID 1530663295139319899)
2026-07-25 17:23:32,679 - discord.voice_state - INFO - Starting voice handshake... (connection attempt 2)
2026-07-25 17:23:33,835 - discord.voice_state - INFO - Connecting to voice...
2026-07-25 17:23:33,835 - discord.voice_state - INFO - Starting voice handshake... (connection attempt 1)
2026-07-25 17:24:01,300 - discord.voice_state - INFO - Timed out connecting to voice
2026-07-25 17:24:01,300 - discord.voice_state - INFO - The voice handshake is being terminated for Channel ID 1530663295818661992 (Guild ID 1530663295139319899)
2026-07-25 17:24:01,301 - discord.voice_state - INFO - The voice handshake is being terminated for Channel ID 1530663295818661992 (Guild ID 1530663295139319899)
2026-07-25 17:24:03,850 - discord.voice_state - INFO - Timed out connecting to voice
2026-07-25 17:24:03,850 - discord.voice_state - INFO - The voice handshake is being terminated for Channel ID 1530663295818661992 (Guild ID 1530663295139319899)
2026-07-25 17:24:03,850 - discord.voice_state - INFO - The voice handshake is being terminated for Channel ID 1530663295818661992 (Guild ID 1530663295139319899)
2026-07-25 17:24:31,309 - cogs.commands - WARNING - Voice connect attempt 1 failed for guild 1530663295139319899: 
2026-07-25 17:24:33,323 - discord.voice_state - INFO - Connecting to voice...
2026-07-25 17:24:33,323 - discord.voice_state - INFO - Starting voice handshake... (connection attempt 1)
2026-07-25 17:24:33,499 - discord.voice_state - INFO - Voice handshake complete. Endpoint found: c-ord07-43b7bf14.discord.media
2026-07-25 17:24:33,662 - discord.voice_state - ERROR - Failed to connect to voice... Retrying in 1.0s...
Traceback (most recent call last):
  File "C:\Users\Andre Norris\kindroid-discord-bot\.venv\Lib\site-packages\discord\voice_state.py", line 413, in _inner_connect
    await self._handshake_websocket()
  File "C:\Users\Andre Norris\kindroid-discord-bot\.venv\Lib\site-packages\discord\voice_state.py", line 583, in _handshake_websocket
    await self.ws.poll_event()
  File "C:\Users\Andre Norris\kindroid-discord-bot\.venv\Lib\site-packages\discord\gateway.py", line 1039, in poll_event
    raise ConnectionClosed(self.ws, shard_id=None, code=self._close_code)
discord.errors.ConnectionClosed: Shard ID None WebSocket closed with 4006
2026-07-25 17:24:33,662 - discord.voice_state - INFO - The voice handshake is being terminated for Channel ID 1530663295818661992 (Guild ID 1530663295139319899)
2026-07-25 17:24:33,865 - cogs.commands - WARNING - Voice connect attempt 2 failed for guild 1530663295139319899: 
2026-07-25 17:24:34,679 - discord.voice_state - INFO - Starting voice handshake... (connection attempt 2)
2026-07-25 17:24:35,867 - discord.voice_state - INFO - Connecting to voice...
2026-07-25 17:24:35,867 - discord.voice_state - INFO - Starting voice handshake... (connection attempt 1)
2026-07-25 17:25:03,318 - discord.voice_state - INFO - Timed out connecting to voice
2026-07-25 17:25:03,319 - discord.voice_state - INFO - The voice handshake is being terminated for Channel ID 1530663295818661992 (Guild ID 1530663295139319899)
2026-07-25 17:25:03,319 - discord.voice_state - INFO - The voice handshake is being terminated for Channel ID 1530663295818661992 (Guild ID 1530663295139319899)
2026-07-25 17:25:05,889 - discord.voice_state - INFO - Timed out connecting to voice
2026-07-25 17:25:05,889 - discord.voice_state - INFO - The voice handshake is being terminated for Channel ID 1530663295818661992 (Guild ID 1530663295139319899)
2026-07-25 17:25:05,889 - discord.voice_state - INFO - The voice handshake is being terminated for Channel ID 1530663295818661992 (Guild ID 1530663295139319899)
2026-07-25 17:25:33,357 - cogs.commands - WARNING - Voice connect attempt 2 failed for guild 1530663295139319899: 
2026-07-25 17:25:35,360 - discord.voice_state - INFO - Connecting to voice...
2026-07-25 17:25:35,360 - discord.voice_state - INFO - Starting voice handshake... (connection attempt 1)
2026-07-25 17:25:35,549 - discord.voice_state - INFO - Voice handshake complete. Endpoint found: c-ord07-43b7bf14.discord.media
2026-07-25 17:25:35,699 - discord.voice_state - ERROR - Failed to connect to voice... Retrying in 1.0s...
Traceback (most recent call last):
  File "C:\Users\Andre Norris\kindroid-discord-bot\.venv\Lib\site-packages\discord\voice_state.py", line 413, in _inner_connect
    await self._handshake_websocket()
  File "C:\Users\Andre Norris\kindroid-discord-bot\.venv\Lib\site-packages\discord\voice_state.py", line 583, in _handshake_websocket
    await self.ws.poll_event()
  File "C:\Users\Andre Norris\kindroid-discord-bot\.venv\Lib\site-packages\discord\gateway.py", line 1039, in poll_event
    raise ConnectionClosed(self.ws, shard_id=None, code=self._close_code)
discord.errors.ConnectionClosed: Shard ID None WebSocket closed with 4006
2026-07-25 17:25:35,700 - discord.voice_state - INFO - The voice handshake is being terminated for Channel ID 1530663295818661992 (Guild ID 1530663295139319899)
2026-07-25 17:25:35,886 - cogs.commands - WARNING - Voice connect attempt 3 failed for guild 1530663295139319899: 
2026-07-25 17:25:36,712 - discord.voice_state - INFO - Starting voice handshake... (connection attempt 2)
2026-07-25 17:25:37,893 - cogs.commands - ERROR - Failed to join voice channel
Traceback (most recent call last):
  File "C:\Users\Andre Norris\AppData\Local\Programs\Python\Python312\Lib\asyncio\tasks.py", line 520, in wait_for
    return await fut
           ^^^^^^^^^
  File "C:\Users\Andre Norris\kindroid-discord-bot\.venv\Lib\site-packages\discord\voice_state.py", line 407, in _inner_connect
    await self._wait_for_state(ConnectionFlowState.got_both_voice_updates)
  File "C:\Users\Andre Norris\kindroid-discord-bot\.venv\Lib\site-packages\discord\voice_state.py", line 559, in _wait_for_state
    await sane_wait_for([self._state_event.wait()], timeout=timeout)
  File "C:\Users\Andre Norris\kindroid-discord-bot\.venv\Lib\site-packages\discord\utils.py", line 735, in sane_wait_for
    done, pending = await asyncio.wait(ensured, timeout=timeout, return_when=asyncio.ALL_COMPLETED)
                    ^^^^^^^^^^^^^^^^^^^^^^^^^^^^^^^^^^^^^^^^^^^^^^^^^^^^^^^^^^^^^^^^^^^^^^^^^^^^^^^
  File "C:\Users\Andre Norris\AppData\Local\Programs\Python\Python312\Lib\asyncio\tasks.py", line 464, in wait
    return await _wait(fs, timeout, return_when, loop)
           ^^^^^^^^^^^^^^^^^^^^^^^^^^^^^^^^^^^^^^^^^^^
  File "C:\Users\Andre Norris\AppData\Local\Programs\Python\Python312\Lib\asyncio\tasks.py", line 550, in _wait
    await waiter
asyncio.exceptions.CancelledError

The above exception was the direct cause of the following exception:

Traceback (most recent call last):
  File "C:\Users\Andre Norris\kindroid-discord-bot\cogs\commands.py", line 212, in join
    await self._connect_voice_channel(ctx.guild, channel)
  File "C:\Users\Andre Norris\kindroid-discord-bot\cogs\commands.py", line 118, in _connect_voice_channel
    raise last_error or RuntimeError("Voice connection failed")
  File "C:\Users\Andre Norris\kindroid-discord-bot\cogs\commands.py", line 107, in _connect_voice_channel
    return await channel.connect(timeout=timeout, reconnect=True, cls=client_cls)
           ^^^^^^^^^^^^^^^^^^^^^^^^^^^^^^^^^^^^^^^^^^^^^^^^^^^^^^^^^^^^^^^^^^^^^^
  File "C:\Users\Andre Norris\kindroid-discord-bot\.venv\Lib\site-packages\discord\abc.py", line 1992, in connect
    await voice.connect(timeout=timeout, reconnect=reconnect, self_deaf=self_deaf, self_mute=self_mute)
  File "C:\Users\Andre Norris\kindroid-discord-bot\.venv\Lib\site-packages\discord\voice_client.py", line 306, in connect
    await self._connection.connect(
  File "C:\Users\Andre Norris\kindroid-discord-bot\.venv\Lib\site-packages\discord\voice_state.py", line 380, in connect
    await self._connector
  File "C:\Users\Andre Norris\kindroid-discord-bot\.venv\Lib\site-packages\discord\voice_state.py", line 384, in _wrap_connect
    await self._connect(*args)
  File "C:\Users\Andre Norris\kindroid-discord-bot\.venv\Lib\site-packages\discord\voice_state.py", line 429, in _connect
    await asyncio.wait_for(
  File "C:\Users\Andre Norris\AppData\Local\Programs\Python\Python312\Lib\asyncio\tasks.py", line 519, in wait_for
    async with timeouts.timeout(timeout):
               ^^^^^^^^^^^^^^^^^^^^^^^^^
  File "C:\Users\Andre Norris\AppData\Local\Programs\Python\Python312\Lib\asyncio\timeouts.py", line 115, in __aexit__
    raise TimeoutError from exc_val
TimeoutError
2026-07-25 17:26:04,300 - cogs.commands - WARNING - Voice connect attempt 1 failed for guild 1530663295139319899: Already connected to a voice channel.
2026-07-25 17:26:04,301 - discord.voice_state - INFO - The voice handshake is being terminated for Channel ID 1530663295818661992 (Guild ID 1530663295139319899)
2026-07-25 17:26:04,301 - discord.voice_state - INFO - Connecting to voice...
2026-07-25 17:26:04,301 - discord.voice_state - INFO - Starting voice handshake... (connection attempt 1)
2026-07-25 17:26:04,484 - discord.voice_state - INFO - Voice handshake complete. Endpoint found: c-ord07-43b7bf14.discord.media
2026-07-25 17:26:04,616 - discord.voice_state - ERROR - Failed to connect to voice... Retrying in 1.0s...
Traceback (most recent call last):
  File "C:\Users\Andre Norris\kindroid-discord-bot\.venv\Lib\site-packages\discord\voice_state.py", line 413, in _inner_connect
    await self._handshake_websocket()
  File "C:\Users\Andre Norris\kindroid-discord-bot\.venv\Lib\site-packages\discord\voice_state.py", line 583, in _handshake_websocket
    await self.ws.poll_event()
  File "C:\Users\Andre Norris\kindroid-discord-bot\.venv\Lib\site-packages\discord\gateway.py", line 1039, in poll_event
    raise ConnectionClosed(self.ws, shard_id=None, code=self._close_code)
discord.errors.ConnectionClosed: Shard ID None WebSocket closed with 4006
2026-07-25 17:26:04,617 - discord.voice_state - INFO - The voice handshake is being terminated for Channel ID 1530663295818661992 (Guild ID 1530663295139319899)
2026-07-25 17:26:05,380 - discord.voice_state - INFO - Timed out connecting to voice
2026-07-25 17:26:05,380 - discord.voice_state - INFO - The voice handshake is being terminated for Channel ID 1530663295818661992 (Guild ID 1530663295139319899)
2026-07-25 17:26:05,380 - discord.voice_state - INFO - The voice handshake is being terminated for Channel ID 1530663295818661992 (Guild ID 1530663295139319899)
2026-07-25 17:26:05,631 - discord.voice_state - INFO - Starting voice handshake... (connection attempt 2)
2026-07-25 17:26:06,732 - discord.voice_state - INFO - Connecting to voice...
2026-07-25 17:26:06,732 - discord.voice_state - INFO - Starting voice handshake... (connection attempt 1)
2026-07-25 17:26:34,305 - discord.voice_state - INFO - Timed out connecting to voice
2026-07-25 17:26:34,305 - discord.voice_state - INFO - The voice handshake is being terminated for Channel ID 1530663295818661992 (Guild ID 1530663295139319899)
2026-07-25 17:26:34,305 - discord.voice_state - INFO - The voice handshake is being terminated for Channel ID 1530663295818661992 (Guild ID 1530663295139319899)
2026-07-25 17:26:35,379 - cogs.commands - WARNING - Voice connect attempt 3 failed for guild 1530663295139319899: 
2026-07-25 17:26:36,722 - discord.voice_state - INFO - Timed out connecting to voice
2026-07-25 17:26:36,722 - discord.voice_state - INFO - The voice handshake is being terminated for Channel ID 1530663295818661992 (Guild ID 1530663295139319899)
2026-07-25 17:26:36,723 - discord.voice_state - INFO - The voice handshake is being terminated for Channel ID 1530663295818661992 (Guild ID 1530663295139319899)
2026-07-25 17:26:37,394 - cogs.commands - ERROR - Failed to join voice channel
Traceback (most recent call last):
  File "C:\Users\Andre Norris\AppData\Local\Programs\Python\Python312\Lib\asyncio\tasks.py", line 520, in wait_for
    return await fut
           ^^^^^^^^^
  File "C:\Users\Andre Norris\kindroid-discord-bot\.venv\Lib\site-packages\discord\voice_state.py", line 407, in _inner_connect
    await self._wait_for_state(ConnectionFlowState.got_both_voice_updates)
  File "C:\Users\Andre Norris\kindroid-discord-bot\.venv\Lib\site-packages\discord\voice_state.py", line 559, in _wait_for_state
    await sane_wait_for([self._state_event.wait()], timeout=timeout)
  File "C:\Users\Andre Norris\kindroid-discord-bot\.venv\Lib\site-packages\discord\utils.py", line 735, in sane_wait_for
    done, pending = await asyncio.wait(ensured, timeout=timeout, return_when=asyncio.ALL_COMPLETED)
                    ^^^^^^^^^^^^^^^^^^^^^^^^^^^^^^^^^^^^^^^^^^^^^^^^^^^^^^^^^^^^^^^^^^^^^^^^^^^^^^^
  File "C:\Users\Andre Norris\AppData\Local\Programs\Python\Python312\Lib\asyncio\tasks.py", line 464, in wait
    return await _wait(fs, timeout, return_when, loop)
           ^^^^^^^^^^^^^^^^^^^^^^^^^^^^^^^^^^^^^^^^^^^
  File "C:\Users\Andre Norris\AppData\Local\Programs\Python\Python312\Lib\asyncio\tasks.py", line 550, in _wait
    await waiter
asyncio.exceptions.CancelledError

The above exception was the direct cause of the following exception:

Traceback (most recent call last):
  File "C:\Users\Andre Norris\kindroid-discord-bot\cogs\commands.py", line 212, in join
    await self._connect_voice_channel(ctx.guild, channel)
  File "C:\Users\Andre Norris\kindroid-discord-bot\cogs\commands.py", line 118, in _connect_voice_channel
    raise last_error or RuntimeError("Voice connection failed")
  File "C:\Users\Andre Norris\kindroid-discord-bot\cogs\commands.py", line 107, in _connect_voice_channel
    return await channel.connect(timeout=timeout, reconnect=True, cls=client_cls)
           ^^^^^^^^^^^^^^^^^^^^^^^^^^^^^^^^^^^^^^^^^^^^^^^^^^^^^^^^^^^^^^^^^^^^^^
  File "C:\Users\Andre Norris\kindroid-discord-bot\.venv\Lib\site-packages\discord\abc.py", line 1992, in connect
    await voice.connect(timeout=timeout, reconnect=reconnect, self_deaf=self_deaf, self_mute=self_mute)
  File "C:\Users\Andre Norris\kindroid-discord-bot\.venv\Lib\site-packages\discord\voice_client.py", line 306, in connect
    await self._connection.connect(
  File "C:\Users\Andre Norris\kindroid-discord-bot\.venv\Lib\site-packages\discord\voice_state.py", line 380, in connect
    await self._connector
  File "C:\Users\Andre Norris\kindroid-discord-bot\.venv\Lib\site-packages\discord\voice_state.py", line 384, in _wrap_connect
    await self._connect(*args)
  File "C:\Users\Andre Norris\kindroid-discord-bot\.venv\Lib\site-packages\discord\voice_state.py", line 429, in _connect
    await asyncio.wait_for(
  File "C:\Users\Andre Norris\AppData\Local\Programs\Python\Python312\Lib\asyncio\tasks.py", line 519, in wait_for
    async with timeouts.timeout(timeout):
               ^^^^^^^^^^^^^^^^^^^^^^^^^
  File "C:\Users\Andre Norris\AppData\Local\Programs\Python\Python312\Lib\asyncio\timeouts.py", line 115, in __aexit__
    raise TimeoutError from exc_val
TimeoutError
2026-07-25 17:27:04,308 - cogs.commands - WARNING - Voice connect attempt 1 failed for guild 1530663295139319899: 
2026-07-25 17:27:06,323 - discord.voice_state - INFO - Connecting to voice...
2026-07-25 17:27:06,323 - discord.voice_state - INFO - Starting voice handshake... (connection attempt 1)
2026-07-25 17:27:06,464 - discord.voice_state - INFO - Voice handshake complete. Endpoint found: c-ord02-0c50f25c.discord.media
2026-07-25 17:27:06,634 - discord.voice_state - ERROR - Failed to connect to voice... Retrying in 1.0s...
Traceback (most recent call last):
  File "C:\Users\Andre Norris\kindroid-discord-bot\.venv\Lib\site-packages\discord\voice_state.py", line 413, in _inner_connect
    await self._handshake_websocket()
  File "C:\Users\Andre Norris\kindroid-discord-bot\.venv\Lib\site-packages\discord\voice_state.py", line 583, in _handshake_websocket
    await self.ws.poll_event()
  File "C:\Users\Andre Norris\kindroid-discord-bot\.venv\Lib\site-packages\discord\gateway.py", line 1039, in poll_event
    raise ConnectionClosed(self.ws, shard_id=None, code=self._close_code)
discord.errors.ConnectionClosed: Shard ID None WebSocket closed with 4006
2026-07-25 17:27:06,634 - discord.voice_state - INFO - The voice handshake is being terminated for Channel ID 1530663295818661992 (Guild ID 1530663295139319899)
2026-07-25 17:27:06,740 - cogs.commands - WARNING - Voice connect attempt 2 failed for guild 1530663295139319899: 
2026-07-25 17:27:07,632 - discord.voice_state - INFO - Starting voice handshake... (connection attempt 2)
2026-07-25 17:27:08,740 - discord.voice_state - INFO - Connecting to voice...
2026-07-25 17:27:08,740 - discord.voice_state - INFO - Starting voice handshake... (connection attempt 1)
2026-07-25 17:27:36,340 - discord.voice_state - INFO - Timed out connecting to voice
2026-07-25 17:27:36,340 - discord.voice_state - INFO - The voice handshake is being terminated for Channel ID 1530663295818661992 (Guild ID 1530663295139319899)
2026-07-25 17:27:36,341 - discord.voice_state - INFO - The voice handshake is being terminated for Channel ID 1530663295818661992 (Guild ID 1530663295139319899)
2026-07-25 17:27:38,756 - discord.voice_state - INFO - Timed out connecting to voice
2026-07-25 17:27:38,756 - discord.voice_state - INFO - The voice handshake is being terminated for Channel ID 1530663295818661992 (Guild ID 1530663295139319899)
2026-07-25 17:27:38,756 - discord.voice_state - INFO - The voice handshake is being terminated for Channel ID 1530663295818661992 (Guild ID 1530663295139319899)
2026-07-25 17:28:06,335 - cogs.commands - WARNING - Voice connect attempt 2 failed for guild 1530663295139319899: 
2026-07-25 17:28:08,338 - discord.voice_state - INFO - Connecting to voice...
2026-07-25 17:28:08,338 - discord.voice_state - INFO - Starting voice handshake... (connection attempt 1)
2026-07-25 17:28:08,523 - discord.voice_state - INFO - Voice handshake complete. Endpoint found: c-ord02-0c50f25c.discord.media
2026-07-25 17:28:08,660 - discord.voice_state - ERROR - Failed to connect to voice... Retrying in 1.0s...
Traceback (most recent call last):
  File "C:\Users\Andre Norris\kindroid-discord-bot\.venv\Lib\site-packages\discord\voice_state.py", line 413, in _inner_connect
    await self._handshake_websocket()
  File "C:\Users\Andre Norris\kindroid-discord-bot\.venv\Lib\site-packages\discord\voice_state.py", line 583, in _handshake_websocket
    await self.ws.poll_event()
  File "C:\Users\Andre Norris\kindroid-discord-bot\.venv\Lib\site-packages\discord\gateway.py", line 1039, in poll_event
    raise ConnectionClosed(self.ws, shard_id=None, code=self._close_code)
discord.errors.ConnectionClosed: Shard ID None WebSocket closed with 4006
2026-07-25 17:28:08,661 - discord.voice_state - INFO - The voice handshake is being terminated for Channel ID 1530663295818661992 (Guild ID 1530663295139319899)
2026-07-25 17:28:08,746 - cogs.commands - WARNING - Voice connect attempt 3 failed for guild 1530663295139319899: 
2026-07-25 17:28:09,680 - discord.voice_state - INFO - Starting voice handshake... (connection attempt 2)
2026-07-25 17:28:10,754 - cogs.commands - ERROR - Failed to join voice channel
Traceback (most recent call last):
  File "C:\Users\Andre Norris\AppData\Local\Programs\Python\Python312\Lib\asyncio\tasks.py", line 520, in wait_for
    return await fut
           ^^^^^^^^^
  File "C:\Users\Andre Norris\kindroid-discord-bot\.venv\Lib\site-packages\discord\voice_state.py", line 407, in _inner_connect
    await self._wait_for_state(ConnectionFlowState.got_both_voice_updates)
  File "C:\Users\Andre Norris\kindroid-discord-bot\.venv\Lib\site-packages\discord\voice_state.py", line 559, in _wait_for_state
    await sane_wait_for([self._state_event.wait()], timeout=timeout)
  File "C:\Users\Andre Norris\kindroid-discord-bot\.venv\Lib\site-packages\discord\utils.py", line 735, in sane_wait_for
    done, pending = await asyncio.wait(ensured, timeout=timeout, return_when=asyncio.ALL_COMPLETED)
                    ^^^^^^^^^^^^^^^^^^^^^^^^^^^^^^^^^^^^^^^^^^^^^^^^^^^^^^^^^^^^^^^^^^^^^^^^^^^^^^^
  File "C:\Users\Andre Norris\AppData\Local\Programs\Python\Python312\Lib\asyncio\tasks.py", line 464, in wait
    return await _wait(fs, timeout, return_when, loop)
           ^^^^^^^^^^^^^^^^^^^^^^^^^^^^^^^^^^^^^^^^^^^
  File "C:\Users\Andre Norris\AppData\Local\Programs\Python\Python312\Lib\asyncio\tasks.py", line 550, in _wait
    await waiter
asyncio.exceptions.CancelledError

The above exception was the direct cause of the following exception:

Traceback (most recent call last):
  File "C:\Users\Andre Norris\kindroid-discord-bot\cogs\commands.py", line 212, in join
    await self._connect_voice_channel(ctx.guild, channel)
  File "C:\Users\Andre Norris\kindroid-discord-bot\cogs\commands.py", line 118, in _connect_voice_channel
    raise last_error or RuntimeError("Voice connection failed")
  File "C:\Users\Andre Norris\kindroid-discord-bot\cogs\commands.py", line 107, in _connect_voice_channel
    return await channel.connect(timeout=timeout, reconnect=True, cls=client_cls)
           ^^^^^^^^^^^^^^^^^^^^^^^^^^^^^^^^^^^^^^^^^^^^^^^^^^^^^^^^^^^^^^^^^^^^^^
  File "C:\Users\Andre Norris\kindroid-discord-bot\.venv\Lib\site-packages\discord\abc.py", line 1992, in connect
    await voice.connect(timeout=timeout, reconnect=reconnect, self_deaf=self_deaf, self_mute=self_mute)
  File "C:\Users\Andre Norris\kindroid-discord-bot\.venv\Lib\site-packages\discord\voice_client.py", line 306, in connect
    await self._connection.connect(
  File "C:\Users\Andre Norris\kindroid-discord-bot\.venv\Lib\site-packages\discord\voice_state.py", line 380, in connect
    await self._connector
  File "C:\Users\Andre Norris\kindroid-discord-bot\.venv\Lib\site-packages\discord\voice_state.py", line 384, in _wrap_connect
    await self._connect(*args)
  File "C:\Users\Andre Norris\kindroid-discord-bot\.venv\Lib\site-packages\discord\voice_state.py", line 429, in _connect
    await asyncio.wait_for(
  File "C:\Users\Andre Norris\AppData\Local\Programs\Python\Python312\Lib\asyncio\tasks.py", line 519, in wait_for
    async with timeouts.timeout(timeout):
               ^^^^^^^^^^^^^^^^^^^^^^^^^
  File "C:\Users\Andre Norris\AppData\Local\Programs\Python\Python312\Lib\asyncio\timeouts.py", line 115, in __aexit__
    raise TimeoutError from exc_val
TimeoutError
2026-07-25 17:28:38,333 - discord.voice_state - INFO - Timed out connecting to voice
2026-07-25 17:28:38,333 - discord.voice_state - INFO - The voice handshake is being terminated for Channel ID 1530663295818661992 (Guild ID 1530663295139319899)
2026-07-25 17:28:38,335 - discord.voice_state - INFO - The voice handshake is being terminated for Channel ID 1530663295818661992 (Guild ID 1530663295139319899)
2026-07-25 17:29:08,343 - cogs.commands - WARNING - Voice connect attempt 3 failed for guild 1530663295139319899: 
2026-07-25 17:29:10,336 - cogs.commands - ERROR - Failed to join voice channel
Traceback (most recent call last):
  File "C:\Users\Andre Norris\AppData\Local\Programs\Python\Python312\Lib\asyncio\tasks.py", line 520, in wait_for
    return await fut
           ^^^^^^^^^
  File "C:\Users\Andre Norris\kindroid-discord-bot\.venv\Lib\site-packages\discord\voice_state.py", line 407, in _inner_connect
    await self._wait_for_state(ConnectionFlowState.got_both_voice_updates)
  File "C:\Users\Andre Norris\kindroid-discord-bot\.venv\Lib\site-packages\discord\voice_state.py", line 559, in _wait_for_state
    await sane_wait_for([self._state_event.wait()], timeout=timeout)
  File "C:\Users\Andre Norris\kindroid-discord-bot\.venv\Lib\site-packages\discord\utils.py", line 735, in sane_wait_for
    done, pending = await asyncio.wait(ensured, timeout=timeout, return_when=asyncio.ALL_COMPLETED)
                    ^^^^^^^^^^^^^^^^^^^^^^^^^^^^^^^^^^^^^^^^^^^^^^^^^^^^^^^^^^^^^^^^^^^^^^^^^^^^^^^
  File "C:\Users\Andre Norris\AppData\Local\Programs\Python\Python312\Lib\asyncio\tasks.py", line 464, in wait
    return await _wait(fs, timeout, return_when, loop)
           ^^^^^^^^^^^^^^^^^^^^^^^^^^^^^^^^^^^^^^^^^^^
  File "C:\Users\Andre Norris\AppData\Local\Programs\Python\Python312\Lib\asyncio\tasks.py", line 550, in _wait
    await waiter
asyncio.exceptions.CancelledError

The above exception was the direct cause of the following exception:

Traceback (most recent call last):
  File "C:\Users\Andre Norris\kindroid-discord-bot\cogs\commands.py", line 212, in join
    await self._connect_voice_channel(ctx.guild, channel)
  File "C:\Users\Andre Norris\kindroid-discord-bot\cogs\commands.py", line 118, in _connect_voice_channel
    raise last_error or RuntimeError("Voice connection failed")
  File "C:\Users\Andre Norris\kindroid-discord-bot\cogs\commands.py", line 107, in _connect_voice_channel
    return await channel.connect(timeout=timeout, reconnect=True, cls=client_cls)
           ^^^^^^^^^^^^^^^^^^^^^^^^^^^^^^^^^^^^^^^^^^^^^^^^^^^^^^^^^^^^^^^^^^^^^^
  File "C:\Users\Andre Norris\kindroid-discord-bot\.venv\Lib\site-packages\discord\abc.py", line 1992, in connect
    await voice.connect(timeout=timeout, reconnect=reconnect, self_deaf=self_deaf, self_mute=self_mute)
  File "C:\Users\Andre Norris\kindroid-discord-bot\.venv\Lib\site-packages\discord\voice_client.py", line 306, in connect
    await self._connection.connect(
  File "C:\Users\Andre Norris\kindroid-discord-bot\.venv\Lib\site-packages\discord\voice_state.py", line 380, in connect
    await self._connector
  File "C:\Users\Andre Norris\kindroid-discord-bot\.venv\Lib\site-packages\discord\voice_state.py", line 384, in _wrap_connect
    await self._connect(*args)
  File "C:\Users\Andre Norris\kindroid-discord-bot\.venv\Lib\site-packages\discord\voice_state.py", line 429, in _connect
    await asyncio.wait_for(
  File "C:\Users\Andre Norris\AppData\Local\Programs\Python\Python312\Lib\asyncio\tasks.py", line 519, in wait_for
    async with timeouts.timeout(timeout):
               ^^^^^^^^^^^^^^^^^^^^^^^^^
  File "C:\Users\Andre Norris\AppData\Local\Programs\Python\Python312\Lib\asyncio\timeouts.py", line 115, in __aexit__
    raise TimeoutError from exc_val
TimeoutError
2026-07-25 20:24:06,282 - __main__ - INFO - Kindroid client initialized
2026-07-25 20:24:06,374 - __main__ - INFO - Loaded cog: cogs.commands
2026-07-25 20:24:06,382 - __main__ - INFO - Loaded cog: cogs.homecare
2026-07-25 20:24:06,382 - __main__ - INFO - Loaded cog: cogs.messages
2026-07-25 20:24:06,382 - cogs.voice_conversation - INFO - VoiceConversationCog loaded -- STT engine: google
2026-07-25 20:24:06,382 - __main__ - INFO - Loaded cog: cogs.voice_conversation
2026-07-25 20:24:06,382 - __main__ - INFO - Starting Discord bot...
2026-07-25 20:24:06,382 - discord.client - INFO - logging in using static token
2026-07-25 20:24:06,538 - __main__ - ERROR - Fatal error: Improper token has been passed.
2026-07-25 20:24:17,586 - __main__ - INFO - Kindroid client initialized
2026-07-25 20:24:17,682 - __main__ - INFO - Loaded cog: cogs.commands
2026-07-25 20:24:17,685 - __main__ - INFO - Loaded cog: cogs.homecare
2026-07-25 20:24:17,685 - __main__ - INFO - Loaded cog: cogs.messages
2026-07-25 20:24:17,688 - cogs.voice_conversation - INFO - VoiceConversationCog loaded -- STT engine: google
2026-07-25 20:24:17,688 - __main__ - INFO - Loaded cog: cogs.voice_conversation
2026-07-25 20:24:17,688 - __main__ - INFO - Starting Discord bot...
2026-07-25 20:24:17,688 - discord.client - INFO - logging in using static token
2026-07-25 20:24:17,864 - __main__ - ERROR - Fatal error: Improper token has been passed.
2026-07-25 20:28:31,545 - __main__ - INFO - Kindroid client initialized
2026-07-25 20:28:31,743 - __main__ - INFO - Loaded cog: cogs.commands
2026-07-25 20:28:31,747 - __main__ - INFO - Loaded cog: cogs.homecare
2026-07-25 20:28:31,751 - __main__ - INFO - Loaded cog: cogs.messages
2026-07-25 20:28:31,754 - cogs.voice_conversation - INFO - VoiceConversationCog loaded -- STT engine: google
2026-07-25 20:28:31,754 - __main__ - INFO - Loaded cog: cogs.voice_conversation
2026-07-25 20:28:31,754 - __main__ - INFO - Starting Discord bot...
2026-07-25 20:28:31,754 - discord.client - INFO - logging in using static token
2026-07-25 20:28:31,965 - __main__ - ERROR - Fatal error: Improper token has been passed.
2026-07-25 20:35:27,782 - __main__ - INFO - Kindroid client initialized
2026-07-25 20:35:27,858 - __main__ - INFO - Loaded cog: cogs.commands
2026-07-25 20:35:27,864 - __main__ - INFO - Loaded cog: cogs.homecare
2026-07-25 20:35:27,864 - __main__ - INFO - Loaded cog: cogs.messages
2026-07-25 20:35:27,868 - cogs.voice_conversation - INFO - VoiceConversationCog loaded -- STT engine: google
2026-07-25 20:35:27,868 - __main__ - INFO - Loaded cog: cogs.voice_conversation
2026-07-25 20:35:27,868 - __main__ - INFO - Starting Discord bot...
2026-07-25 20:35:27,868 - discord.client - INFO - logging in using static token
2026-07-25 20:35:28,017 - __main__ - ERROR - Fatal error: Improper token has been passed.
2026-07-25 20:35:29,883 - __main__ - INFO - Kindroid client initialized
2026-07-25 20:35:29,958 - __main__ - INFO - Loaded cog: cogs.commands
2026-07-25 20:35:29,958 - __main__ - INFO - Loaded cog: cogs.homecare
2026-07-25 20:35:29,967 - __main__ - INFO - Loaded cog: cogs.messages
2026-07-25 20:35:29,967 - cogs.voice_conversation - INFO - VoiceConversationCog loaded -- STT engine: google
2026-07-25 20:35:29,967 - __main__ - INFO - Loaded cog: cogs.voice_conversation
2026-07-25 20:35:29,967 - __main__ - INFO - Starting Discord bot...
2026-07-25 20:35:29,967 - discord.client - INFO - logging in using static token
2026-07-25 20:35:30,129 - __main__ - ERROR - Fatal error: Improper token has been passed.
2026-07-25 21:56:59,720 - __main__ - INFO - Kindroid client initialized
2026-07-25 21:56:59,803 - __main__ - INFO - Loaded cog: cogs.commands
2026-07-25 21:56:59,805 - __main__ - INFO - Loaded cog: cogs.homecare
2026-07-25 21:56:59,808 - __main__ - INFO - Loaded cog: cogs.messages
2026-07-25 21:56:59,809 - cogs.voice_conversation - INFO - VoiceConversationCog loaded -- STT engine: google
2026-07-25 21:56:59,809 - __main__ - INFO - Loaded cog: cogs.voice_conversation
2026-07-25 21:56:59,809 - __main__ - INFO - Starting Discord bot...
2026-07-25 21:56:59,809 - discord.client - INFO - logging in using static token
2026-07-25 21:57:00,004 - __main__ - ERROR - Fatal error: Improper token has been passed.
2026-07-25 22:09:09,286 - __main__ - INFO - Kindroid client initialized
2026-07-25 22:09:09,485 - __main__ - INFO - Loaded cog: cogs.commands
2026-07-25 22:09:09,490 - __main__ - INFO - Loaded cog: cogs.homecare
2026-07-25 22:09:09,496 - __main__ - INFO - Loaded cog: cogs.messages
2026-07-25 22:09:09,499 - cogs.voice_conversation - INFO - VoiceConversationCog loaded -- STT engine: google
2026-07-25 22:09:09,499 - __main__ - INFO - Loaded cog: cogs.voice_conversation
2026-07-25 22:09:09,499 - __main__ - INFO - Starting Discord bot...
2026-07-25 22:09:09,499 - discord.client - INFO - logging in using static token
2026-07-25 22:09:09,726 - __main__ - ERROR - Fatal error: Improper token has been passed.
2026-07-26 00:45:16,097 - __main__ - INFO - Kindroid client initialized
2026-07-26 00:45:16,219 - __main__ - INFO - Loaded cog: cogs.commands
2026-07-26 00:45:16,227 - __main__ - INFO - Loaded cog: cogs.homecare
2026-07-26 00:45:16,227 - __main__ - INFO - Loaded cog: cogs.messages
2026-07-26 00:45:16,235 - cogs.voice_conversation - INFO - VoiceConversationCog loaded -- STT engine: google
2026-07-26 00:45:16,235 - __main__ - INFO - Loaded cog: cogs.voice_conversation
2026-07-26 00:45:16,235 - __main__ - INFO - Starting Discord bot...
2026-07-26 00:45:16,235 - discord.client - INFO - logging in using static token
2026-07-26 00:45:17,231 - discord.gateway - INFO - Shard ID None has connected to Gateway (Session ID: 9611ae7b471522bf7f4f523a3e32c80b).
2026-07-26 00:45:19,271 - __main__ - INFO - Bot logged in as Irene Gallagher#2633 (ID: 1529996285141319802)
2026-07-26 03:45:01,110 - discord.gateway - INFO - Shard ID None has successfully RESUMED session 9611ae7b471522bf7f4f523a3e32c80b.
2026-07-26 06:13:04,058 - discord.gateway - INFO - Shard ID None has successfully RESUMED session 9611ae7b471522bf7f4f523a3e32c80b.
2026-07-26 08:51:38,104 - discord.gateway - INFO - Shard ID None has successfully RESUMED session 9611ae7b471522bf7f4f523a3e32c80b.
2026-07-26 12:27:40,763 - __main__ - INFO - Kindroid client initialized
2026-07-26 12:27:41,039 - __main__ - INFO - Loaded cog: cogs.commands
2026-07-26 12:27:41,059 - __main__ - INFO - Loaded cog: cogs.homecare
2026-07-26 12:27:41,073 - __main__ - INFO - Loaded cog: cogs.messages
2026-07-26 12:27:41,085 - cogs.voice_conversation - INFO - VoiceConversationCog loaded -- STT engine: google
2026-07-26 12:27:41,085 - __main__ - INFO - Loaded cog: cogs.voice_conversation
2026-07-26 12:27:41,087 - __main__ - INFO - Starting Discord bot...
2026-07-26 12:27:41,087 - discord.client - INFO - logging in using static token
2026-07-26 12:27:42,703 - discord.gateway - INFO - Shard ID None has connected to Gateway (Session ID: 553ac70a0dd329bcb2c0b38524005bea).
2026-07-26 12:27:44,724 - __main__ - INFO - Bot logged in as Irene Gallagher#2633 (ID: 1529996285141319802)
2026-07-26 14:45:14,831 - __main__ - ERROR - DISCORD_TOKEN not set in .env file
2026-07-26 15:57:09,644 - __main__ - ERROR - DISCORD_TOKEN not set in .env file
